,antecedents,consequents,antecedent support,consequent support,support,confidence,lift,representativity,leverage,conviction,zhangs_metric,jaccard,certainty,kulczynski
0,frozenset({'WOODEN STAR CHRISTMAS SCANDINAVIAN'}),frozenset({'WOODEN HEART CHRISTMAS SCANDINAVIAN'}),0.029496780974904744,0.031599001445276574,0.023190119563789253,0.7861915367483296,24.880265223249634,1.0,0.022258050739132233,4.529292170323655,0.9889792054220347,0.6117850953206239,0.7792149496223508,0.7600396353180318
1,frozenset({'WOODEN HEART CHRISTMAS SCANDINAVIAN'}),frozenset({'WOODEN STAR CHRISTMAS SCANDINAVIAN'}),0.031599001445276574,0.029496780974904744,0.023190119563789253,0.7338877338877339,24.880265223249634,1.0,0.022258050739132233,3.6469691277427407,0.9911260973950016,0.6117850953206239,0.7257997079292686,0.7600396353180318
2,frozenset({'SMALL MARSHMALLOWS PINK BOWL'}),frozenset({'SMALL DOLLY MIX DESIGN ORANGE BOWL'}),0.02765733806332939,0.03251872290106425,0.02161345421101038,0.7814726840855107,24.031469085150796,1.0,0.020714072898347913,4.427278452811435,0.9856483039735465,0.5604770017035776,0.7741276021694604,0.7230595743659877
3,frozenset({'SMALL DOLLY MIX DESIGN ORANGE BOWL'}),frozenset({'SMALL MARSHMALLOWS PINK BOWL'}),0.03251872290106425,0.02765733806332939,0.02161345421101038,0.6646464646464646,24.031469085150796,1.0,0.020714072898347913,2.899455528064168,0.9906009742046895,0.5604770017035776,0.6551076606208016,0.7230595743659877
4,frozenset({'PINK REGENCY TEACUP AND SAUCER'}),"frozenset({'GREEN REGENCY TEACUP AND SAUCER', 'ROSES REGENCY TEACUP AND SAUCER'})",0.045657600840888185,0.04289843647352516,0.03219025095256865,0.7050359712230216,16.43500391111307,1.0,0.03023161126336224,3.244807739760488,0.984085229052728,0.5710955710955712,0.691815330767852,0.7277094098075292
5,"frozenset({'GREEN REGENCY TEACUP AND SAUCER', 'ROSES REGENCY TEACUP AND SAUCER'})",frozenset({'PINK REGENCY TEACUP AND SAUCER'}),0.04289843647352516,0.045657600840888185,0.03219025095256865,0.7503828483920368,16.43500391111307,1.0,0.03023161126336224,3.823224457980983,0.9812482752727696,0.5710955710955712,0.738440677237116,0.7277094098075292
6,frozenset({'GREEN REGENCY TEACUP AND SAUCER'}),"frozenset({'PINK REGENCY TEACUP AND SAUCER', 'ROSES REGENCY TEACUP AND SAUCER'})",0.05721981342793325,0.035672053606622,0.03219025095256865,0.5625717566016074,15.770657972356661,1.0,0.030149102700606507,2.204539740967539,0.9934352864551854,0.5303030303030304,0.5463905769459546,0.7324829317078019
7,"frozenset({'PINK REGENCY TEACUP AND SAUCER', 'ROSES REGENCY TEACUP AND SAUCER'})",frozenset({'GREEN REGENCY TEACUP AND SAUCER'}),0.035672053606622,0.05721981342793325,0.03219025095256865,0.9023941068139962,15.770657972356661,1.0,0.030149102700606507,9.65904983601192,0.9712371275916866,0.5303030303030304,0.8964701479982337,0.7324829317078019
8,frozenset({'JUMBO BAG VINTAGE CHRISTMAS'}),"frozenset({""JUMBO BAG 50'S CHRISTMAS""})",0.02989094731309946,0.04401524109841019,0.020562343975824463,0.6879120879120879,15.62895194357881,1.0,0.019246686723178513,3.0631906007057985,0.9648566627384131,0.38546798029556645,0.6735430045490518,0.5775381335082828
9,"frozenset({""JUMBO BAG 50'S CHRISTMAS""})",frozenset({'JUMBO BAG VINTAGE CHRISTMAS'}),0.04401524109841019,0.02989094731309946,0.020562343975824463,0.4671641791044776,15.628951943578809,1.0,0.019246686723178513,1.8206528439782166,0.9791120353668324,0.38546798029556645,0.4507464708016766,0.5775381335082828
10,frozenset({'ROSES REGENCY TEACUP AND SAUCER'}),"frozenset({'GREEN REGENCY TEACUP AND SAUCER', 'PINK REGENCY TEACUP AND SAUCER'})",0.05833661805281829,0.03764288529759559,0.03219025095256865,0.5518018018018018,14.658860431111739,1.0,0.029994292330556768,2.1471686378284804,0.9895063257617823,0.5046343975283213,0.5342703957285158,0.7034750719305694
11,"frozenset({'GREEN REGENCY TEACUP AND SAUCER', 'PINK REGENCY TEACUP AND SAUCER'})",frozenset({'ROSES REGENCY TEACUP AND SAUCER'}),0.03764288529759559,0.05833661805281829,0.03219025095256865,0.8551483420593368,14.658860431111739,1.0,0.029994292330556768,6.500880938020902,0.9682287987896366,0.5046343975283213,0.8461746939324142,0.7034750719305694
12,frozenset({'DOLLY GIRL LUNCH BOX'}),frozenset({'SPACEBOY LUNCH BOX'}),0.041715937458941005,0.041650243069241887,0.025160951254762844,0.6031496062992127,14.481298591619266,1.0,0.023423472319736658,2.414889268456474,0.9714712535089275,0.43227990970654623,0.5859023380234861,0.6036252763357262
13,frozenset({'SPACEBOY LUNCH BOX'}),frozenset({'DOLLY GIRL LUNCH BOX'}),0.041650243069241887,0.041715937458941005,0.025160951254762844,0.6041009463722398,14.481298591619266,1.0,0.023423472319736658,2.420526277494149,0.971404659647294,0.43227990970654623,0.5868667036181692,0.6036252763357262
14,frozenset({'PINK REGENCY TEACUP AND SAUCER'}),frozenset({'GREEN REGENCY TEACUP AND SAUCER'}),0.045657600840888185,0.05721981342793325,0.03764288529759559,0.8244604316546764,14.40865291693167,1.0,0.03503036589591292,5.37075598088186,0.9751188465216905,0.5770392749244714,0.8138064727647888,0.7411624775954209
15,frozenset({'GREEN REGENCY TEACUP AND SAUCER'}),frozenset({'PINK REGENCY TEACUP AND SAUCER'}),0.05721981342793325,0.045657600840888185,0.03764288529759559,0.6578645235361654,14.40865291693167,1.0,0.03503036589591292,2.7893698982133777,0.9870776589380945,0.5770392749244714,0.6414960953581269,0.7411624775954209
16,frozenset({'GREEN REGENCY TEACUP AND SAUCER'}),"frozenset({'REGENCY CAKESTAND 3 TIER', 'ROSES REGENCY TEACUP AND SAUCER'})",0.05721981342793325,0.027328866114833792,0.02148206543161214,0.3754305396096441,13.737508831581739,1.0,0.019918312811324383,1.5573466132609923,0.9834812095268963,0.34062500000000007,0.3578821878926113,0.5807441159586682
17,"frozenset({'REGENCY CAKESTAND 3 TIER', 'ROSES REGENCY TEACUP AND SAUCER'})",frozenset({'GREEN REGENCY TEACUP AND SAUCER'}),0.027328866114833792,0.05721981342793325,0.02148206543161214,0.7860576923076923,13.737508831581737,1.0,0.019918312811324383,4.406702894539098,0.9532580601053956,0.34062500000000007,0.7730729699886901,0.5807441159586682
18,"frozenset({'GREEN REGENCY TEACUP AND SAUCER', 'REGENCY CAKESTAND 3 TIER'})",frozenset({'ROSES REGENCY TEACUP AND SAUCER'}),0.027131782945736434,0.05833661805281829,0.02148206543161214,0.7917675544794189,13.572393822393822,1.0,0.019899288972814743,4.522174148188211,0.9521546840162286,0.33572895277207393,0.7788674280930455,0.5800053988613311
19,frozenset({'ROSES REGENCY TEACUP AND SAUCER'}),"frozenset({'GREEN REGENCY TEACUP AND SAUCER', 'REGENCY CAKESTAND 3 TIER'})",0.05833661805281829,0.027131782945736434,0.02148206543161214,0.3682432432432432,13.57239382239382,1.0,0.019899288972814743,1.5399411350163743,0.9837071798239383,0.33572895277207393,0.35062452891138146,0.5800053988613311
20,frozenset({'ROSES REGENCY TEACUP AND SAUCER'}),frozenset({'PINK REGENCY TEACUP AND SAUCER'}),0.05833661805281829,0.045657600840888185,0.035672053606622,0.6114864864864865,13.39287380906086,1.0,0.03300854358515907,2.4563943491399747,0.9826583936350385,0.5221153846153848,0.5928992426032421,0.6963907252576318
21,frozenset({'PINK REGENCY TEACUP AND SAUCER'}),frozenset({'ROSES REGENCY TEACUP AND SAUCER'}),0.045657600840888185,0.05833661805281829,0.035672053606622,0.7812949640287771,13.39287380906086,1.0,0.03300854358515907,4.305631910876918,0.9696031812738102,0.5221153846153848,0.7677460543076632,0.6963907252576318
22,frozenset({'STRAWBERRY CHARLOTTE BAG'}),frozenset({'WOODLAND CHARLOTTE BAG'}),0.041453159900144525,0.041715937458941005,0.022730258835895415,0.5483359746434232,13.144520009483761,1.0,0.021001001410025505,2.1216745384680995,0.9638784776267578,0.3760869565217391,0.5286741760486864,0.5466089322036014
23,frozenset({'WOODLAND CHARLOTTE BAG'}),frozenset({'STRAWBERRY CHARLOTTE BAG'}),0.041715937458941005,0.041453159900144525,0.022730258835895415,0.5448818897637796,13.144520009483761,1.0,0.021001001410025505,2.1061496313612746,0.9641427892679799,0.3760869565217391,0.5251999263919027,0.5466089322036014
24,frozenset({'CHOCOLATE HOT WATER BOTTLE'}),frozenset({'HOT WATER BOTTLE I AM SO POORLY'}),0.044212324267507555,0.03481802654053344,0.02010248324793063,0.4546805349182764,13.058768117973592,1.0,0.01856309736816588,1.7699386052812562,0.9661383191441857,0.3411371237458194,0.43500865113844295,0.5160195127421571
25,frozenset({'HOT WATER BOTTLE I AM SO POORLY'}),frozenset({'CHOCOLATE HOT WATER BOTTLE'}),0.03481802654053344,0.044212324267507555,0.02010248324793063,0.5773584905660377,13.05876811797359,1.0,0.01856309736816588,2.261461911331344,0.9567347131247453,0.3411371237458194,0.5578081616190959,0.5160195127421571
26,frozenset({'STRAWBERRY CHARLOTTE BAG'}),frozenset({'CHARLOTTE BAG PINK POLKADOT'}),0.041453159900144525,0.04125607673104717,0.02207331493890422,0.532488114104596,12.906901389968407,1.0,0.020363120193319487,2.050737001975286,0.9624173087780792,0.3640303358613217,0.5123704311977635,0.533759980619177
27,frozenset({'CHARLOTTE BAG PINK POLKADOT'}),frozenset({'STRAWBERRY CHARLOTTE BAG'}),0.04125607673104717,0.041453159900144525,0.02207331493890422,0.535031847133758,12.906901389968406,1.0,0.020363120193319487,2.0615322451462643,0.9622194704934186,0.3640303358613217,0.514923910429036,0.533759980619177
28,frozenset({'GREEN REGENCY TEACUP AND SAUCER'}),frozenset({'ROSES REGENCY TEACUP AND SAUCER'}),0.05721981342793325,0.05833661805281829,0.04289843647352516,0.7497129735935707,12.85149874328979,1.0,0.03956042607252629,3.762333970990805,0.97815808706737,0.5904159132007234,0.7342075403963536,0.7425366669769655
29,frozenset({'ROSES REGENCY TEACUP AND SAUCER'}),frozenset({'GREEN REGENCY TEACUP AND SAUCER'}),0.05833661805281829,0.05721981342793325,0.04289843647352516,0.7353603603603603,12.851498743289788,1.0,0.03956042607252629,3.5625055560680647,0.9793181740968206,0.5904159132007234,0.719298683395262,0.7425366669769655
30,frozenset({'CHARLOTTE BAG PINK POLKADOT'}),frozenset({'RED RETROSPOT CHARLOTTE BAG'}),0.04125607673104717,0.055708842464853504,0.029168309026409146,0.7070063694267515,12.691097824780673,1.0,0.02686998074708133,3.2229067768047384,0.9608453183895146,0.4302325581395349,0.6897210905394471,0.6152956375435644
31,frozenset({'RED RETROSPOT CHARLOTTE BAG'}),frozenset({'CHARLOTTE BAG PINK POLKADOT'}),0.055708842464853504,0.04125607673104717,0.029168309026409146,0.5235849056603773,12.691097824780673,1.0,0.02686998074708133,2.0124129874556234,0.9755514523846234,0.4302325581395349,0.5030841053831893,0.6152956375435644
32,frozenset({'WOODLAND CHARLOTTE BAG'}),frozenset({'CHARLOTTE BAG PINK POLKADOT'}),0.041715937458941005,0.04125607673104717,0.02161345421101038,0.5181102362204725,12.558398114248458,1.0,0.019892418294296745,1.9895502982868793,0.9604375632797909,0.35224839400428265,0.4973738533471312,0.5209977932694718
33,frozenset({'CHARLOTTE BAG PINK POLKADOT'}),frozenset({'WOODLAND CHARLOTTE BAG'}),0.04125607673104717,0.041715937458941005,0.02161345421101038,0.5238853503184713,12.558398114248456,1.0,0.019892418294296745,2.0127170276782107,0.95997689019887,0.35224839400428265,0.5031591692978522,0.5209977932694718
34,frozenset({'CHARLOTTE BAG SUKI DESIGN'}),frozenset({'WOODLAND CHARLOTTE BAG'}),0.04881093154644593,0.041715937458941005,0.025029562475364604,0.5127860026917901,12.292328398384928,1.0,0.022993368707660413,1.9668648023978093,0.9657895342680202,0.38214643931795383,0.49157664584729066,0.5563930013458951
35,frozenset({'WOODLAND CHARLOTTE BAG'}),frozenset({'CHARLOTTE BAG SUKI DESIGN'}),0.041715937458941005,0.04881093154644593,0.025029562475364604,0.6,12.292328398384926,1.0,0.022993368707660413,2.377972671133885,0.9586389707730627,0.38214643931795383,0.5794737205608123,0.5563930013458951
36,frozenset({'GARDENERS KNEELING PAD KEEP CALM'}),frozenset({'GARDENERS KNEELING PAD CUP OF TEA'}),0.05892786756011037,0.04920509788464065,0.035540664827223754,0.6031215161649944,12.257297355225028,1.0,0.032641113335795384,2.395682660667071,0.9759251337933438,0.48959276018099557,0.5825824444872207,0.6627089556792929
37,frozenset({'GARDENERS KNEELING PAD CUP OF TEA'}),frozenset({'GARDENERS KNEELING PAD KEEP CALM'}),0.04920509788464065,0.05892786756011037,0.035540664827223754,0.7222963951935915,12.257297355225026,1.0,0.032641113335795384,3.388764553834026,0.9659453839279797,0.48959276018099557,0.7049072061177556,0.6627089556792929
38,frozenset({'STRAWBERRY CHARLOTTE BAG'}),frozenset({'RED RETROSPOT CHARLOTTE BAG'}),0.041453159900144525,0.055708842464853504,0.02805150440152411,0.676703645007924,12.147149627724787,1.0,0.025742196846976578,2.920822158846459,0.9573618333588267,0.405893536121673,0.6576306445186183,0.5901206904284904
39,frozenset({'RED RETROSPOT CHARLOTTE BAG'}),frozenset({'STRAWBERRY CHARLOTTE BAG'}),0.055708842464853504,0.041453159900144525,0.02805150440152411,0.5035377358490566,12.147149627724787,1.0,0.025742196846976578,1.930754680296146,0.9718148400263421,0.405893536121673,0.48206780995780546,0.5901206904284904
40,frozenset({'CHARLOTTE BAG SUKI DESIGN'}),frozenset({'STRAWBERRY CHARLOTTE BAG'}),0.04881093154644593,0.041453159900144525,0.02384706346078045,0.4885598923283984,11.785829922381746,1.0,0.021823696110510618,1.874211321563665,0.9621140296852456,0.3590504451038576,0.46644223706551163,0.531918614943914
41,frozenset({'STRAWBERRY CHARLOTTE BAG'}),frozenset({'CHARLOTTE BAG SUKI DESIGN'}),0.041453159900144525,0.04881093154644593,0.02384706346078045,0.5752773375594296,11.785829922381746,1.0,0.021823696110510618,2.2395533663962417,0.9547288764178379,0.3590504451038576,0.5534823974259021,0.531918614943914
42,frozenset({'JUMBO BAG APPLES'}),frozenset({'JUMBO BAG PEARS'}),0.05813953488372093,0.03593483116541847,0.024438312968072525,0.42033898305084744,11.697257769652651,1.0,0.022349078597990055,1.663153361439775,0.9709611044736493,0.35094339622641507,0.39873253833049405,0.5502060545967217
43,frozenset({'JUMBO BAG PEARS'}),frozenset({'JUMBO BAG APPLES'}),0.03593483116541847,0.05813953488372093,0.024438312968072525,0.680073126142596,11.697257769652651,1.0,0.022349078597990055,2.943986710963455,0.9485975710281914,0.35094339622641507,0.6603245536822624,0.5502060545967217
44,frozenset({'DOTCOM POSTAGE'}),frozenset({'JUMBO BAG WOODLAND ANIMALS'}),0.04283274208382604,0.04631454473787938,0.023124425174090132,0.5398773006134969,11.656754992820781,1.0,0.02114064622460272,2.072676389436342,0.9551233855369063,0.3502487562189055,0.5175320155637287,0.5195840403776705
45,frozenset({'JUMBO BAG WOODLAND ANIMALS'}),frozenset({'DOTCOM POSTAGE'}),0.04631454473787938,0.04283274208382604,0.023124425174090132,0.49929078014184397,11.65675499282078,1.0,0.02114064622460272,1.9116229938552485,0.9586104379191794,0.3502487562189055,0.47688430029644124,0.5195840403776705
46,frozenset({'ALARM CLOCK BAKELIKE IVORY'}),frozenset({'ALARM CLOCK BAKELIKE RED'}),0.031007751937984496,0.05590592563395086,0.020168177637629747,0.6504237288135594,11.634253819036429,1.0,0.01843466056370879,2.7006812309137893,0.9432964169381108,0.3021653543307087,0.629723053371373,0.5055878926088948
47,frozenset({'ALARM CLOCK BAKELIKE RED'}),frozenset({'ALARM CLOCK BAKELIKE IVORY'}),0.05590592563395086,0.031007751937984496,0.020168177637629747,0.3607520564042303,11.634253819036427,1.0,0.01843466056370879,1.5158316233470133,0.9681735543690164,0.3021653543307087,0.3402961222091657,0.5055878926088948
48,frozenset({'CHARLOTTE BAG SUKI DESIGN'}),frozenset({'CHARLOTTE BAG PINK POLKADOT'}),0.04881093154644593,0.04125607673104717,0.023255813953488372,0.47644683714670255,11.548525087654628,1.0,0.02124206641629431,1.8312255398170487,0.9602810694467694,0.34808259587020646,0.4539176206007336,0.520070552331313
49,frozenset({'CHARLOTTE BAG PINK POLKADOT'}),frozenset({'CHARLOTTE BAG SUKI DESIGN'}),0.04125607673104717,0.04881093154644593,0.023255813953488372,0.5636942675159236,11.548525087654628,1.0,0.02124206641629431,2.1800975729519414,0.952714101995325,0.34808259587020646,0.5413049340512044,0.520070552331313
50,frozenset({'ALARM CLOCK BAKELIKE RED'}),frozenset({'ALARM CLOCK BAKELIKE GREEN'}),0.05590592563395086,0.05111023518591512,0.032978583628958086,0.5898942420681551,11.541606880156115,1.0,0.030121218621520576,2.313768452311708,0.9674427334153748,0.4454303460514641,0.5678046353338035,0.6175692290032293
51,frozenset({'ALARM CLOCK BAKELIKE GREEN'}),frozenset({'ALARM CLOCK BAKELIKE RED'}),0.05111023518591512,0.05590592563395086,0.032978583628958086,0.6452442159383034,11.541606880156115,1.0,0.030121218621520576,2.661250687886907,0.9625532762332007,0.4454303460514641,0.6242368279878125,0.6175692290032293
52,frozenset({'WOODLAND CHARLOTTE BAG'}),frozenset({'RED RETROSPOT CHARLOTTE BAG'}),0.041715937458941005,0.055708842464853504,0.02614636710024964,0.6267716535433071,11.25084682810875,1.0,0.023822420512075813,2.5300628060540844,0.9507805015342015,0.36682027649769594,0.6047528948265076,0.5480556380924082
53,frozenset({'RED RETROSPOT CHARLOTTE BAG'}),frozenset({'WOODLAND CHARLOTTE BAG'}),0.055708842464853504,0.041715937458941005,0.02614636710024964,0.4693396226415094,11.25084682810875,1.0,0.023822420512075813,1.8058330778551512,0.9648695683789758,0.36682027649769594,0.4462389618049672,0.5480556380924082
54,frozenset({'DOTCOM POSTAGE'}),frozenset({'RECYCLING BAG RETROSPOT'}),0.04283274208382604,0.04283274208382604,0.020628038365523585,0.4815950920245399,11.243620384658811,1.0,0.018793394571104023,1.8463699768087143,0.9518301719351778,0.31717171717171716,0.4583967392448556,0.4815950920245399
55,frozenset({'RECYCLING BAG RETROSPOT'}),frozenset({'DOTCOM POSTAGE'}),0.04283274208382604,0.04283274208382604,0.020628038365523585,0.4815950920245399,11.243620384658811,1.0,0.018793394571104023,1.8463699768087143,0.9518301719351778,0.31717171717171716,0.4583967392448556,0.4815950920245399
56,"frozenset({""PAPER CHAIN KIT 50'S CHRISTMAS""})",frozenset({'PAPER CHAIN KIT VINTAGE CHRISTMAS'}),0.06300091972145579,0.04388385231901196,0.02975955853370122,0.47236704900938475,10.76402877248631,1.0,0.026994835476682928,1.8120857423440069,0.9680884438486775,0.3858603066439523,0.4481497334080565,0.5752553807921175
57,frozenset({'PAPER CHAIN KIT VINTAGE CHRISTMAS'}),"frozenset({""PAPER CHAIN KIT 50'S CHRISTMAS""})",0.04388385231901196,0.06300091972145579,0.02975955853370122,0.6781437125748503,10.76402877248631,1.0,0.026994835476682928,2.911234351749151,0.948731996331846,0.3858603066439523,0.6565030914123516,0.5752553807921175
58,frozenset({'ALARM CLOCK BAKELIKE PINK'}),frozenset({'ALARM CLOCK BAKELIKE RED'}),0.03895677309157798,0.05590592563395086,0.023387202732886612,0.6003372681281619,10.738347703227827,1.0,0.021209288273490154,2.362226945565684,0.9436368503073392,0.3272058823529412,0.5766706489073051,0.509334321490638
59,frozenset({'ALARM CLOCK BAKELIKE RED'}),frozenset({'ALARM CLOCK BAKELIKE PINK'}),0.05590592563395086,0.03895677309157798,0.023387202732886612,0.418331374853114,10.738347703227825,1.0,0.021209288273490154,1.6522177496950852,0.9605777943877299,0.3272058823529412,0.3947529009511314,0.509334321490638
60,frozenset({'CHARLOTTE BAG SUKI DESIGN'}),frozenset({'RED RETROSPOT CHARLOTTE BAG'}),0.04881093154644593,0.055708842464853504,0.028971225857311787,0.5935397039030956,10.65431765661901,1.0,0.026252025361228084,2.32320639088945,0.9526406137655928,0.38347826086956527,0.5695604127461334,0.5567934368572082
61,frozenset({'RED RETROSPOT CHARLOTTE BAG'}),frozenset({'CHARLOTTE BAG SUKI DESIGN'}),0.055708842464853504,0.04881093154644593,0.028971225857311787,0.5200471698113207,10.654317656619009,1.0,0.026252025361228084,1.9818386487680928,0.9595995162593585,0.38347826086956527,0.49541805503611597,0.5567934368572082
62,frozenset({'JUMBO BAG SCANDINAVIAN BLUE PAISLEY'}),frozenset({'JUMBO BAG PINK VINTAGE PAISLEY'}),0.041650243069241887,0.05084745762711865,0.0213506766522139,0.5126182965299685,10.08149316508938,1.0,0.019232867682591432,1.9474521419560091,0.9399578156967794,0.3000923361034164,0.4865085624155025,0.4662574686784209
63,frozenset({'JUMBO BAG PINK VINTAGE PAISLEY'}),frozenset({'JUMBO BAG SCANDINAVIAN BLUE PAISLEY'}),0.05084745762711865,0.041650243069241887,0.0213506766522139,0.41989664082687334,10.081493165089379,1.0,0.019232867682591432,1.652032765845004,0.949065934065934,0.3000923361034164,0.39468512933004296,0.4662574686784209
64,frozenset({'ALARM CLOCK BAKELIKE PINK'}),frozenset({'ALARM CLOCK BAKELIKE GREEN'}),0.03895677309157798,0.05111023518591512,0.020036788858231507,0.5143338954468802,10.063226936365567,1.0,0.018045699023436626,1.9537903838012232,0.9371360950458835,0.2861163227016885,0.4881743669684583,0.4531823718879645
65,frozenset({'ALARM CLOCK BAKELIKE GREEN'}),frozenset({'ALARM CLOCK BAKELIKE PINK'}),0.05111023518591512,0.03895677309157798,0.020036788858231507,0.39203084832904883,10.063226936365567,1.0,0.018045699023436626,1.5807434049360516,0.9491390151222813,0.2861163227016885,0.36738625834060984,0.4531823718879645
66,"frozenset({'JUMBO BAG WOODLAND ANIMALS', 'JUMBO BAG RED RETROSPOT'})",frozenset({'JUMBO BAG PINK POLKADOT'}),0.03008803048219682,0.07252660622782814,0.02010248324793063,0.6681222707423582,9.212098917790016,1.0,0.01792030050897745,2.7946237786029924,0.9191010459995432,0.24363057324840764,0.6421700811191512,0.47264809189291823
67,frozenset({'JUMBO BAG PINK POLKADOT'}),"frozenset({'JUMBO BAG WOODLAND ANIMALS', 'JUMBO BAG RED RETROSPOT'})",0.07252660622782814,0.03008803048219682,0.02010248324793063,0.2771739130434783,9.212098917790016,1.0,0.01792030050897745,1.3418331006862843,0.9611565266423895,0.24363057324840764,0.25475083340204735,0.47264809189291823
68,frozenset({'LUNCH BAG VINTAGE LEAF DESIGN'}),frozenset({'LUNCH BAG APPLE DESIGN'}),0.04079621600315333,0.0600446721849954,0.02207331493890422,0.5410628019323672,9.011004344654808,1.0,0.019623719522606612,2.0481131879758525,0.9268359799230971,0.28023352793994993,0.5117457346249995,0.4543388407911289
69,frozenset({'LUNCH BAG APPLE DESIGN'}),frozenset({'LUNCH BAG VINTAGE LEAF DESIGN'}),0.0600446721849954,0.04079621600315333,0.02207331493890422,0.3676148796498906,9.011004344654806,1.0,0.019623719522606612,1.5168032155244253,0.9458157773872758,0.28023352793994993,0.34071869721461784,0.4543388407911289
70,frozenset({'LUNCH BAG PINK POLKADOT'}),"frozenset({'LUNCH BAG RED RETROSPOT', 'LUNCH BAG  BLACK SKULL.'})",0.06359216922874787,0.03783996846669294,0.0216791486007095,0.34090909090909083,9.009232954545453,1.0,0.01927282292236508,1.4598290133608796,0.9493756138627754,0.27182866556836893,0.3149882685933484,0.45691287878787873
71,"frozenset({'LUNCH BAG RED RETROSPOT', 'LUNCH BAG  BLACK SKULL.'})",frozenset({'LUNCH BAG PINK POLKADOT'}),0.03783996846669294,0.06359216922874787,0.0216791486007095,0.5729166666666666,9.009232954545453,1.0,0.01927282292236508,2.1925646769278098,0.9239655878738222,0.27182866556836893,0.5439131121088817,0.45691287878787873
72,"frozenset({'JUMBO BAG PINK POLKADOT', 'JUMBO BAG RED RETROSPOT'})",frozenset({'JUMBO BAG WOODLAND ANIMALS'}),0.04907370910524241,0.04631454473787938,0.02010248324793063,0.4096385542168675,8.844706485516536,1.0,0.0178296567521222,1.6154263834031837,0.932709539774459,0.2670157068062827,0.38096838687670714,0.4218405537041785
73,frozenset({'JUMBO BAG WOODLAND ANIMALS'}),"frozenset({'JUMBO BAG PINK POLKADOT', 'JUMBO BAG RED RETROSPOT'})",0.04631454473787938,0.04907370910524241,0.02010248324793063,0.43404255319148943,8.844706485516536,1.0,0.0178296567521222,1.6802081079719402,0.9300110620813733,0.2670157068062827,0.4048356300297653,0.4218405537041785
74,frozenset({'LUNCH BAG DOLLY GIRL DESIGN'}),frozenset({'LUNCH BAG SPACEBOY DESIGN'}),0.037445802128498226,0.06484036263303114,0.02121928787281566,0.5666666666666667,8.739412360688956,1.0,0.018791288483719106,2.158060701616082,0.9200269788505082,0.2617504051863857,0.53662100456621,0.44696048632218843
75,frozenset({'LUNCH BAG SPACEBOY DESIGN'}),frozenset({'LUNCH BAG DOLLY GIRL DESIGN'}),0.06484036263303114,0.037445802128498226,0.02121928787281566,0.3272543059777102,8.739412360688956,1.0,0.018791288483719106,1.4307846284626087,0.9469782433521354,0.2617504051863857,0.30108279044449254,0.44696048632218843
76,frozenset({'WOODEN FRAME ANTIQUE WHITE'}),frozenset({'WOODEN PICTURE FRAME WHITE FINISH'}),0.055446064906057024,0.06543161214032321,0.031270529496780976,0.5639810426540285,8.61939701935705,1.0,0.027642604083140666,2.1434122808520852,0.9358730834105794,0.34897360703812325,0.533454198740308,0.520946344620187
77,frozenset({'WOODEN PICTURE FRAME WHITE FINISH'}),frozenset({'WOODEN FRAME ANTIQUE WHITE'}),0.06543161214032321,0.055446064906057024,0.031270529496780976,0.47791164658634544,8.61939701935705,1.0,0.027642604083140666,1.809184075679937,0.9458725708756721,0.34897360703812325,0.44726464628859025,0.520946344620187
78,frozenset({'JUMBO STORAGE BAG SUKI'}),"frozenset({'JUMBO SHOPPER VINTAGE RED PAISLEY', 'JUMBO BAG RED RETROSPOT'})",0.06989883063986335,0.041387465510445406,0.02430692418867429,0.3477443609022557,8.402166129609741,1.0,0.02141398874634648,1.469688381407617,0.9471905865464277,0.2794561933534744,0.3195836527997626,0.4675229741019215
79,"frozenset({'JUMBO SHOPPER VINTAGE RED PAISLEY', 'JUMBO BAG RED RETROSPOT'})",frozenset({'JUMBO STORAGE BAG SUKI'}),0.041387465510445406,0.06989883063986335,0.02430692418867429,0.5873015873015873,8.40216612960974,1.0,0.02141398874634648,2.253706679603408,0.9190189366998578,0.2794561933534744,0.5562865349558386,0.4675229741019215
80,frozenset({'DOTCOM POSTAGE'}),frozenset({'JUMBO STORAGE BAG SUKI'}),0.04283274208382604,0.06989883063986335,0.024963868085665485,0.5828220858895705,8.338080631025417,1.0,0.02196990950090718,2.2295072147897392,0.9194509265614276,0.284431137724551,0.5514703906915555,0.46998247151621386
81,frozenset({'JUMBO STORAGE BAG SUKI'}),frozenset({'DOTCOM POSTAGE'}),0.06989883063986335,0.04283274208382604,0.024963868085665485,0.35714285714285715,8.338080631025417,1.0,0.02196990950090718,1.4889268456473819,0.9462070913970899,0.284431137724551,0.3283753309147956,0.46998247151621386
82,frozenset({'LUNCH BAG ALPHABET DESIGN'}),frozenset({'LUNCH BAG APPLE DESIGN'}),0.04513204572329523,0.0600446721849954,0.022270398108001577,0.49344978165938863,8.218044394331743,1.0,0.01956045921750809,1.855601466117552,0.9198303758702673,0.268621236133122,0.4610911781114911,0.4321734685102195
83,frozenset({'LUNCH BAG APPLE DESIGN'}),frozenset({'LUNCH BAG ALPHABET DESIGN'}),0.0600446721849954,0.04513204572329523,0.022270398108001577,0.37089715536105033,8.218044394331743,1.0,0.01956045921750809,1.51782488731984,0.9344237149339066,0.268621236133122,0.3411624698249679,0.4321734685102195
84,frozenset({'LUNCH BAG  BLACK SKULL.'}),"frozenset({'LUNCH BAG RED RETROSPOT', 'LUNCH BAG PINK POLKADOT'})",0.07567993693338589,0.03488372093023256,0.0216791486007095,0.2864583333333333,8.211805555555555,1.0,0.019039150800707665,1.3525717195722287,0.9501298701298702,0.24390243902439024,0.2606676706827309,0.4539636299435028
85,"frozenset({'LUNCH BAG RED RETROSPOT', 'LUNCH BAG PINK POLKADOT'})",frozenset({'LUNCH BAG  BLACK SKULL.'}),0.03488372093023256,0.07567993693338589,0.0216791486007095,0.6214689265536723,8.211805555555555,1.0,0.019039150800707665,2.4418604651162785,0.9099671412924424,0.24390243902439024,0.5904761904761904,0.4539636299435028
86,frozenset({'JUMBO STORAGE BAG SUKI'}),frozenset({'JUMBO BAG WOODLAND ANIMALS'}),0.06989883063986335,0.04631454473787938,0.026343450269346997,0.3768796992481203,8.137394016957288,1.0,0.023106117750551592,1.5304997351416232,0.9430270206670074,0.29312865497076024,0.34661863897188727,0.4728370127446275
87,frozenset({'JUMBO BAG WOODLAND ANIMALS'}),frozenset({'JUMBO STORAGE BAG SUKI'}),0.04631454473787938,0.06989883063986335,0.026343450269346997,0.5687943262411348,8.137394016957288,1.0,0.023106117750551592,2.1569780407858437,0.9197063138805188,0.29312865497076024,0.5363884188474752,0.4728370127446275
88,"frozenset({'LUNCH BAG RED RETROSPOT', 'LUNCH BAG  BLACK SKULL.'})",frozenset({'LUNCH BAG SUKI DESIGN'}),0.03783996846669294,0.06700827749310209,0.020496649586125345,0.5416666666666667,8.08357843137255,1.0,0.017961058478778952,2.0356183036514137,0.9107553650773642,0.2429906542056075,0.5087487677791861,0.4237745098039216
89,frozenset({'LUNCH BAG SUKI DESIGN'}),"frozenset({'LUNCH BAG RED RETROSPOT', 'LUNCH BAG  BLACK SKULL.'})",0.06700827749310209,0.03783996846669294,0.020496649586125345,0.30588235294117644,8.08357843137255,1.0,0.017961058478778952,1.3861627572937476,0.9392284943615743,0.2429906542056075,0.2785839940236643,0.4237745098039216
90,"frozenset({'JUMBO STORAGE BAG SUKI', 'JUMBO BAG RED RETROSPOT'})",frozenset({'JUMBO BAG PINK POLKADOT'}),0.04355538037051636,0.07252660622782814,0.025489423203258442,0.5852187028657617,8.069020919404553,1.0,0.02233049928202273,2.236054036621636,0.9159644050550091,0.2813633067440174,0.5527836163070282,0.4683339891140403
91,frozenset({'JUMBO BAG PINK POLKADOT'}),"frozenset({'JUMBO STORAGE BAG SUKI', 'JUMBO BAG RED RETROSPOT'})",0.07252660622782814,0.04355538037051636,0.025489423203258442,0.35144927536231885,8.06902091940455,1.0,0.02233049928202273,1.4747414246800978,0.9445761278648447,0.2813633067440174,0.3219150264142604,0.4683339891140403
92,frozenset({'PACK OF 72 RETROSPOT CAKE CASES'}),frozenset({'PACK OF 72 SKULL CAKE CASES'}),0.06845355406648272,0.037248718959400864,0.020430955196426227,0.29846449136276393,8.012745127908277,1.0,0.01788114799923166,1.372348611278118,0.9395117438174322,0.2395993836671803,0.27132217588017693,0.42348268659848953
93,frozenset({'PACK OF 72 SKULL CAKE CASES'}),frozenset({'PACK OF 72 RETROSPOT CAKE CASES'}),0.037248718959400864,0.06845355406648272,0.020430955196426227,0.5485008818342152,8.012745127908277,1.0,0.01788114799923166,2.063229823610564,0.9090601519843868,0.2395993836671803,0.5153230199774629,0.42348268659848953
94,frozenset({'JUMBO SHOPPER VINTAGE RED PAISLEY'}),"frozenset({'JUMBO STORAGE BAG SUKI', 'JUMBO BAG RED RETROSPOT'})",0.06983313625016424,0.04355538037051636,0.02430692418867429,0.34807149576669805,7.991469545340388,1.0,0.02126531537683229,1.4671004771517189,0.9405479849508384,0.2728613569321534,0.3183834266474811,0.4530704386827457
95,"frozenset({'JUMBO STORAGE BAG SUKI', 'JUMBO BAG RED RETROSPOT'})",frozenset({'JUMBO SHOPPER VINTAGE RED PAISLEY'}),0.04355538037051636,0.06983313625016424,0.02430692418867429,0.5580693815987934,7.9914695453403874,1.0,0.02126531537683229,2.1047803094407547,0.9147069798007362,0.2728613569321534,0.5248910323255056,0.4530704386827457
96,frozenset({'LUNCH BAG  BLACK SKULL.'}),"frozenset({'LUNCH BAG RED RETROSPOT', 'LUNCH BAG SUKI DESIGN'})",0.07567993693338589,0.03389830508474576,0.020496649586125345,0.27083333333333337,7.989583333333335,1.0,0.017931227995163113,1.3249394673123487,0.9464654748236839,0.23008849557522124,0.24524853801169597,0.4377422480620155
97,"frozenset({'LUNCH BAG RED RETROSPOT', 'LUNCH BAG SUKI DESIGN'})",frozenset({'LUNCH BAG  BLACK SKULL.'}),0.03389830508474576,0.07567993693338589,0.020496649586125345,0.6046511627906976,7.989583333333333,1.0,0.017931227995163113,2.3379860418743768,0.9055330634278004,0.23008849557522124,0.5722814498933901,0.4377422480620155
98,frozenset({'PACK OF 72 RETROSPOT CAKE CASES'}),frozenset({'60 TEATIME FAIRY CAKE CASES'}),0.06845355406648272,0.04552621206148995,0.024438312968072525,0.3570057581573896,7.841762843682229,1.0,0.021321881949279167,1.4844204284058617,0.9365906092178898,0.27292736610418195,0.32633640654358764,0.4469011474769632
99,frozenset({'60 TEATIME FAIRY CAKE CASES'}),frozenset({'PACK OF 72 RETROSPOT CAKE CASES'}),0.04552621206148995,0.06845355406648272,0.024438312968072525,0.5367965367965367,7.841762843682228,1.0,0.021321881949279167,2.0110955982303036,0.9140928376839204,0.27292736610418195,0.5027585954243217,0.4469011474769632
100,frozenset({'JUMBO BAG PINK POLKADOT'}),"frozenset({'JUMBO SHOPPER VINTAGE RED PAISLEY', 'JUMBO BAG RED RETROSPOT'})",0.07252660622782814,0.041387465510445406,0.023387202732886612,0.3224637681159421,7.791338854382334,1.0,0.02038551031904272,1.414850585663728,0.9398138642039566,0.25834542815674894,0.29321158705186884,0.4437715665976536
101,"frozenset({'JUMBO SHOPPER VINTAGE RED PAISLEY', 'JUMBO BAG RED RETROSPOT'})",frozenset({'JUMBO BAG PINK POLKADOT'}),0.041387465510445406,0.07252660622782814,0.023387202732886612,0.5650793650793651,7.791338854382333,1.0,0.02038551031904272,2.1325118177973295,0.9092853710821998,0.25834542815674894,0.5310694216771564,0.4437715665976536
102,frozenset({'HEART OF WICKER SMALL'}),frozenset({'HEART OF WICKER LARGE'}),0.06720536066219945,0.05216134542110104,0.027263171725134674,0.4056695992179863,7.777207354277314,1.0,0.023757649693484012,1.5948008941352196,0.9342025613546516,0.29600570613409416,0.3729624784652195,0.46416981220345155
103,frozenset({'HEART OF WICKER LARGE'}),frozenset({'HEART OF WICKER SMALL'}),0.05216134542110104,0.06720536066219945,0.027263171725134674,0.5226700251889168,7.777207354277313,1.0,0.023757649693484012,1.9541924634148116,0.919374977035951,0.29600570613409416,0.48827967627478636,0.46416981220345155
104,frozenset({'JUMBO BAG SPACEBOY DESIGN'}),frozenset({'JUMBO STORAGE BAG SUKI'}),0.03882538431217974,0.06989883063986335,0.021087899093417423,0.5431472081218275,7.770476317697799,1.0,0.018374050130852766,2.035888115154966,0.9065030913110494,0.24062968515742128,0.5088138721592357,0.42241946872256786
105,frozenset({'JUMBO STORAGE BAG SUKI'}),frozenset({'JUMBO BAG SPACEBOY DESIGN'}),0.06989883063986335,0.03882538431217974,0.021087899093417423,0.3016917293233083,7.770476317697798,1.0,0.018374050130852766,1.3764330970280496,0.9367881571529851,0.24062968515742128,0.2734844852545553,0.42241946872256786
106,frozenset({'JUMBO BAG PINK POLKADOT'}),"frozenset({'JUMBO  BAG BAROQUE BLACK WHITE', 'JUMBO BAG RED RETROSPOT'})",0.07252660622782814,0.035672053606622,0.02010248324793063,0.2771739130434783,7.770057650732646,1.0,0.017515310262665177,1.3341078356118914,0.9394348474621467,0.22818791946308725,0.25043540461528896,0.42035491232284417
107,"frozenset({'JUMBO  BAG BAROQUE BLACK WHITE', 'JUMBO BAG RED RETROSPOT'})",frozenset({'JUMBO BAG PINK POLKADOT'}),0.035672053606622,0.07252660622782814,0.02010248324793063,0.56353591160221,7.770057650732645,1.0,0.017515310262665177,2.1249706869970013,0.9035316558669247,0.22818791946308725,0.5294052731554639,0.42035491232284417
108,frozenset({'JUMBO SHOPPER VINTAGE RED PAISLEY'}),frozenset({'DOTCOM POSTAGE'}),0.06983313625016424,0.04283274208382604,0.023190119563789253,0.33207902163687675,7.7529246431848735,1.0,0.020198974849881285,1.433054641077314,0.9364087787285117,0.2591776798825257,0.302189901671691,0.436745032290831
109,frozenset({'DOTCOM POSTAGE'}),frozenset({'JUMBO SHOPPER VINTAGE RED PAISLEY'}),0.04283274208382604,0.06983313625016424,0.023190119563789253,0.5414110429447853,7.7529246431848735,1.0,0.020198974849881285,2.0283237296484713,0.9099939531926559,0.2591776798825257,0.5069820535140562,0.436745032290831
110,frozenset({'JUMBO STORAGE BAG SUKI'}),frozenset({'JUMBO STORAGE BAG SKULLS'}),0.06989883063986335,0.0420444094074366,0.022598870056497175,0.32330827067669177,7.689685150375941,1.0,0.019660015003973685,1.4156454838756771,0.935334448105599,0.2529411764705882,0.2936084553724182,0.4304041353383459
111,frozenset({'JUMBO STORAGE BAG SKULLS'}),frozenset({'JUMBO STORAGE BAG SUKI'}),0.0420444094074366,0.06989883063986335,0.022598870056497175,0.5375,7.68968515037594,1.0,0.019660015003973685,2.0110295553732684,0.9081377805705027,0.2529411764705882,0.5027422658567594,0.4304041353383459
112,"frozenset({'LUNCH BAG PINK POLKADOT', 'LUNCH BAG  BLACK SKULL.'})",frozenset({'LUNCH BAG RED RETROSPOT'}),0.032715806070161606,0.08645381684404152,0.0216791486007095,0.6626506024096386,7.664792910242795,1.0,0.018850742294814565,2.7080119000694487,0.8989429749820947,0.22237196765498649,0.6307254041334329,0.45670524041454574
113,frozenset({'LUNCH BAG RED RETROSPOT'}),"frozenset({'LUNCH BAG PINK POLKADOT', 'LUNCH BAG  BLACK SKULL.'})",0.08645381684404152,0.032715806070161606,0.0216791486007095,0.25075987841945285,7.664792910242794,1.0,0.018850742294814565,1.2910202831761333,0.9518219735104534,0.22237196765498649,0.2254188311125313,0.45670524041454574
114,frozenset({'JUMBO SHOPPER VINTAGE RED PAISLEY'}),frozenset({'JUMBO BAG SCANDINAVIAN BLUE PAISLEY'}),0.06983313625016424,0.041650243069241887,0.02220470371830246,0.3179680150517404,7.634241522267495,1.0,0.01929613661919563,1.4051390229205458,0.934253037460022,0.2487122884473878,0.28832664690962384,0.42554552172145377
115,frozenset({'JUMBO BAG SCANDINAVIAN BLUE PAISLEY'}),frozenset({'JUMBO SHOPPER VINTAGE RED PAISLEY'}),0.041650243069241887,0.06983313625016424,0.02220470371830246,0.5331230283911672,7.634241522267494,1.0,0.01929613661919563,1.9923168635722832,0.9067787741565979,0.2487122884473878,0.4980718086143335,0.42554552172145377
116,frozenset({'JUMBO BAG WOODLAND ANIMALS'}),frozenset({'JUMBO BAG PINK POLKADOT'}),0.04631454473787938,0.07252660622782814,0.025226645644461962,0.5446808510638298,7.510083256244219,1.0,0.021867608895636655,2.036974276041686,0.9089429634221947,0.2694736842105263,0.5090757837437043,0.44625346901017576
117,frozenset({'JUMBO BAG PINK POLKADOT'}),frozenset({'JUMBO BAG WOODLAND ANIMALS'}),0.07252660622782814,0.04631454473787938,0.025226645644461962,0.34782608695652173,7.510083256244219,1.0,0.021867608895636655,1.4623176980685848,0.9346313217169572,0.2694736842105263,0.31615407423380687,0.44625346901017576
118,frozenset({'JUMBO BAG APPLES'}),frozenset({'JUMBO BAG ALPHABET'}),0.05813953488372093,0.05557745368545526,0.024109841019576927,0.41468926553672314,7.461465721040189,1.0,0.020878593712283018,1.6135404507497528,0.9194335116224309,0.2690615835777126,0.3802448525319978,0.42424770605441353
119,frozenset({'JUMBO BAG ALPHABET'}),frozenset({'JUMBO BAG APPLES'}),0.05557745368545526,0.05813953488372093,0.024109841019576927,0.433806146572104,7.461465721040189,1.0,0.020878593712283018,1.6634946836917994,0.9169392220458259,0.2690615835777126,0.3988559087061845,0.42424770605441353
120,frozenset({'LUNCH BAG WOODLAND'}),frozenset({'LUNCH BAG SPACEBOY DESIGN'}),0.05386939955327815,0.06484036263303114,0.0260149783208514,0.48292682926829267,7.447935354733486,1.0,0.022522066918993198,1.8085634496247982,0.9150265325102154,0.28065201984408217,0.44707496980133127,0.4420713173697086
121,frozenset({'LUNCH BAG SPACEBOY DESIGN'}),frozenset({'LUNCH BAG WOODLAND'}),0.06484036263303114,0.05386939955327815,0.0260149783208514,0.4012158054711246,7.447935354733486,1.0,0.022522066918993198,1.5800861296800581,0.9257613011037669,0.28065201984408217,0.36712310726853625,0.4420713173697086
122,frozenset({'JUMBO STORAGE BAG SUKI'}),"frozenset({'JUMBO BAG PINK POLKADOT', 'JUMBO BAG RED RETROSPOT'})",0.06989883063986335,0.04907370910524241,0.025489423203258442,0.36466165413533835,7.430896518404445,1.0,0.022059228321641183,1.4967242211716303,0.9304651626780532,0.27266338721011946,0.3318742451984885,0.44203631568882046
123,"frozenset({'JUMBO BAG PINK POLKADOT', 'JUMBO BAG RED RETROSPOT'})",frozenset({'JUMBO STORAGE BAG SUKI'}),0.04907370910524241,0.06989883063986335,0.025489423203258442,0.5194109772423026,7.430896518404445,1.0,0.022059228321641183,1.935335859364964,0.9100881363175045,0.27266338721011946,0.4832938194365256,0.44203631568882046
124,"frozenset({'JUMBO BAG PINK POLKADOT', 'JUMBO BAG RED RETROSPOT'})",frozenset({'JUMBO  BAG BAROQUE BLACK WHITE'}),0.04907370910524241,0.05597162002364998,0.02010248324793063,0.4096385542168675,7.318683183437979,1.0,0.01735574824874087,1.599068480368103,0.9079183175861019,0.2366589327146172,0.37463591317252315,0.38439674189716616
125,frozenset({'JUMBO  BAG BAROQUE BLACK WHITE'}),"frozenset({'JUMBO BAG PINK POLKADOT', 'JUMBO BAG RED RETROSPOT'})",0.05597162002364998,0.04907370910524241,0.02010248324793063,0.3591549295774648,7.318683183437978,1.0,0.01735574824874087,1.483863003374237,0.9145523762741005,0.2366589327146172,0.3260833394147268,0.38439674189716616
126,frozenset({'JUMBO BAG WOODLAND ANIMALS'}),frozenset({'JUMBO SHOPPER VINTAGE RED PAISLEY'}),0.04631454473787938,0.06983313625016424,0.02345289712258573,0.5063829787234043,7.251328035867978,1.0,0.02021860720954107,1.8843897670794088,0.9039607576860048,0.25301204819277107,0.46932422502490717,0.42111246772482536
127,frozenset({'JUMBO SHOPPER VINTAGE RED PAISLEY'}),frozenset({'JUMBO BAG WOODLAND ANIMALS'}),0.06983313625016424,0.04631454473787938,0.02345289712258573,0.33584195672624645,7.251328035867977,1.0,0.02021860720954107,1.4359314999201618,0.9268167468979258,0.25301204819277107,0.3035879496650082,0.42111246772482536
128,"frozenset({'LUNCH BAG  BLACK SKULL.', 'LUNCH BAG SUKI DESIGN'})",frozenset({'LUNCH BAG RED RETROSPOT'}),0.03278150045986073,0.08645381684404152,0.020496649586125345,0.625250501002004,7.232190825419836,1.0,0.017662563749495683,2.437751579651461,0.8909355151629146,0.20758483033932137,0.5897859288258669,0.43116628393565243
129,frozenset({'LUNCH BAG RED RETROSPOT'}),"frozenset({'LUNCH BAG  BLACK SKULL.', 'LUNCH BAG SUKI DESIGN'})",0.08645381684404152,0.03278150045986073,0.020496649586125345,0.23708206686930092,7.232190825419836,1.0,0.017662563749495683,1.2677883918275132,0.9432794182182935,0.20758483033932137,0.21122483338208917,0.43116628393565243
130,frozenset({'JUMBO BAG VINTAGE LEAF'}),frozenset({'JUMBO BAG APPLES'}),0.05360662199448167,0.05813953488372093,0.022270398108001577,0.41544117647058826,7.1455882352941185,1.0,0.019153734038554967,1.6112329969284775,0.9087695760984545,0.2488986784140969,0.37935729847494554,0.3992460119641077
131,frozenset({'JUMBO BAG APPLES'}),frozenset({'JUMBO BAG VINTAGE LEAF'}),0.05813953488372093,0.05360662199448167,0.022270398108001577,0.38305084745762713,7.145588235294118,1.0,0.019153734038554967,1.533989266547406,0.9131432317273025,0.2488986784140969,0.3481049562682216,0.3992460119641077
132,frozenset({'JUMBO BAG SPACEBOY DESIGN'}),frozenset({'JUMBO BAG PINK POLKADOT'}),0.03882538431217974,0.07252660622782814,0.02010248324793063,0.517766497461929,7.138986978591924,1.0,0.01728660988827707,1.9232869323486095,0.8946596067174051,0.22030237580993522,0.48005678030638077,0.3974702052527037
133,frozenset({'JUMBO BAG PINK POLKADOT'}),frozenset({'JUMBO BAG SPACEBOY DESIGN'}),0.07252660622782814,0.03882538431217974,0.02010248324793063,0.2771739130434783,7.138986978591924,1.0,0.01728660988827707,1.329745332981646,0.9271684874544802,0.22030237580993522,0.24797630403580254,0.3974702052527037
134,frozenset({'JUMBO SHOPPER VINTAGE RED PAISLEY'}),frozenset({'JUMBO BAG PINK VINTAGE PAISLEY'}),0.06983313625016424,0.05084745762711865,0.025160951254762844,0.36030103480714953,7.085920351207274,1.0,0.021610113818313813,1.4837487537387837,0.9233559110563966,0.2634112792297111,0.32603144738610396,0.42756653807540934
135,frozenset({'JUMBO BAG PINK VINTAGE PAISLEY'}),frozenset({'JUMBO SHOPPER VINTAGE RED PAISLEY'}),0.05084745762711865,0.06983313625016424,0.025160951254762844,0.4948320413436692,7.085920351207274,1.0,0.021610113818313813,1.8413021804152756,0.9048862364789256,0.2634112792297111,0.4569060903547802,0.42756653807540934
136,frozenset({'LUNCH BAG CARS BLUE'}),frozenset({'LUNCH BAG PINK POLKADOT'}),0.06700827749310209,0.06359216922874787,0.0300223360924977,0.4480392156862745,7.045509236752551,1.0,0.025761134370429456,1.6965115228893022,0.9196926373670057,0.29849771391247554,0.41055513828935525,0.4600733268514017
137,frozenset({'LUNCH BAG PINK POLKADOT'}),frozenset({'LUNCH BAG CARS BLUE'}),0.06359216922874787,0.06700827749310209,0.0300223360924977,0.4721074380165289,7.045509236752551,1.0,0.025761134370429456,1.7673894078017163,0.9163375077793051,0.29849771391247554,0.43419373479000156,0.4600733268514017
138,frozenset({'LUNCH BAG WOODLAND'}),frozenset({'LUNCH BAG CARS BLUE'}),0.05386939955327815,0.06700827749310209,0.025292340034161084,0.46951219512195125,7.0067790530846485,1.0,0.021682644360508232,1.7587430171394396,0.9060916863999771,0.2646048109965636,0.4314120992920957,0.423481587757054
139,frozenset({'LUNCH BAG CARS BLUE'}),frozenset({'LUNCH BAG WOODLAND'}),0.06700827749310209,0.05386939955327815,0.025292340034161084,0.37745098039215685,7.0067790530846485,1.0,0.021682644360508232,1.5197688385128445,0.9188517439468009,0.2646048109965636,0.34200519535685403,0.423481587757054
140,frozenset({'JAM MAKING SET WITH JARS'}),frozenset({'JAM MAKING SET PRINTED'}),0.059322033898305086,0.05800814610432269,0.02384706346078045,0.4019933554817276,6.929946610580813,1.0,0.020405902251201986,1.5752197112366606,0.909661727843546,0.2550948699929726,0.3651679236448049,0.40654594161402346
141,frozenset({'JAM MAKING SET PRINTED'}),frozenset({'JAM MAKING SET WITH JARS'}),0.05800814610432269,0.059322033898305086,0.02384706346078045,0.4110985277463194,6.929946610580813,1.0,0.020405902251201986,1.5973435462842245,0.9083929340255065,0.2550948699929726,0.3739605970636548,0.40654594161402346
142,frozenset({'JUMBO BAG PINK POLKADOT'}),frozenset({'DOTCOM POSTAGE'}),0.07252660622782814,0.04283274208382604,0.02128498226251478,0.29347826086956524,6.8517271272339295,1.0,0.01817846884374301,1.3547598112044308,0.92083654698756,0.2262569832402235,0.261861776730029,0.39520538810349426
143,frozenset({'DOTCOM POSTAGE'}),frozenset({'JUMBO BAG PINK POLKADOT'}),0.04283274208382604,0.07252660622782814,0.02128498226251478,0.4969325153374233,6.851727127233929,1.0,0.01817846884374301,1.8436361364007807,0.8922697577467653,0.2262569832402235,0.4575936215091555,0.39520538810349426
144,frozenset({'LUNCH BAG APPLE DESIGN'}),frozenset({'LUNCH BAG SUKI DESIGN'}),0.0600446721849954,0.06700827749310209,0.027460254894232032,0.4573304157549234,6.82498391041318,1.0,0.023436764838477512,1.7192629725227917,0.9080000749070685,0.2757255936675462,0.41835541392912573,0.4335671686617754
145,frozenset({'LUNCH BAG SUKI DESIGN'}),frozenset({'LUNCH BAG APPLE DESIGN'}),0.06700827749310209,0.0600446721849954,0.027460254894232032,0.40980392156862744,6.82498391041318,1.0,0.023436764838477512,1.5926153394872171,0.9147771491177535,0.2757255936675462,0.37210199148152406,0.4335671686617754
146,"frozenset({'JUMBO BAG PINK POLKADOT', 'JUMBO BAG RED RETROSPOT'})",frozenset({'JUMBO SHOPPER VINTAGE RED PAISLEY'}),0.04907370910524241,0.06983313625016424,0.023387202732886612,0.47657295850066933,6.824453033205257,1.0,0.019960231718639292,1.7770707090054403,0.8975123711940385,0.2448418156808803,0.43727619000615786,0.4057370907272867
147,frozenset({'JUMBO SHOPPER VINTAGE RED PAISLEY'}),"frozenset({'JUMBO BAG PINK POLKADOT', 'JUMBO BAG RED RETROSPOT'})",0.06983313625016424,0.04907370910524241,0.023387202732886612,0.334901222953904,6.824453033205256,1.0,0.019960231718639292,1.4297519762675066,0.9175430166702245,0.2448418156808803,0.30057799072914176,0.4057370907272867
148,frozenset({'LUNCH BAG  BLACK SKULL.'}),frozenset({'LUNCH BAG PINK POLKADOT'}),0.07567993693338589,0.06359216922874787,0.032715806070161606,0.43229166666666663,6.797875774793387,1.0,0.027903154713472763,1.6494523257622054,0.9227271559585891,0.3070283600493218,0.39373816121790367,0.47337723829201095
149,frozenset({'LUNCH BAG PINK POLKADOT'}),frozenset({'LUNCH BAG  BLACK SKULL.'}),0.06359216922874787,0.07567993693338589,0.032715806070161606,0.5144628099173553,6.797875774793387,1.0,0.027903154713472763,1.9037060022308132,0.9108159873956327,0.3070283600493218,0.4747088054415055,0.47337723829201095
150,frozenset({'PACK OF 60 PINK PAISLEY CAKE CASES'}),frozenset({'PACK OF 72 RETROSPOT CAKE CASES'}),0.047891210090658255,0.06845355406648272,0.022270398108001577,0.4650205761316873,6.79322764863392,1.0,0.01899207456875142,1.7412752797064976,0.8956902599912437,0.236731843575419,0.4257082658587125,0.39517823432304133
151,frozenset({'PACK OF 72 RETROSPOT CAKE CASES'}),frozenset({'PACK OF 60 PINK PAISLEY CAKE CASES'}),0.06845355406648272,0.047891210090658255,0.022270398108001577,0.3253358925143954,6.793227648633919,1.0,0.01899207456875142,1.41123379670773,0.9154611380855499,0.236731843575419,0.2914001901507021,0.39517823432304133
152,frozenset({'JUMBO STORAGE BAG SKULLS'}),frozenset({'JUMBO BAG PINK POLKADOT'}),0.0420444094074366,0.07252660622782814,0.020693732755222703,0.4921875,6.786302649456522,1.0,0.017644394430047956,1.826409144659046,0.8900666836478112,0.22043386983904828,0.45247755524861877,0.38875679347826086
153,frozenset({'JUMBO BAG PINK POLKADOT'}),frozenset({'JUMBO STORAGE BAG SKULLS'}),0.07252660622782814,0.0420444094074366,0.020693732755222703,0.28532608695652173,6.7863026494565215,1.0,0.017644394430047956,1.3404093434907352,0.919319477330527,0.22043386983904828,0.25395924397559827,0.38875679347826086
154,frozenset({'JUMBO BAG RED RETROSPOT'}),"frozenset({'JUMBO BAG PINK POLKADOT', 'JUMBO SHOPPER VINTAGE RED PAISLEY'})",0.11884115096570753,0.029102614636710024,0.023387202732886612,0.19679380873410723,6.7620662676085335,1.0,0.019928614513348545,1.2087772678060507,0.9670404026950208,0.18776371308016876,0.17271773168350907,0.5002027734415457
155,"frozenset({'JUMBO BAG PINK POLKADOT', 'JUMBO SHOPPER VINTAGE RED PAISLEY'})",frozenset({'JUMBO BAG RED RETROSPOT'}),0.029102614636710024,0.11884115096570753,0.023387202732886612,0.8036117381489842,6.7620662676085335,1.0,0.019928614513348545,4.486820346232087,0.8776583612794042,0.18776371308016876,0.7771250188700394,0.5002027734415457
156,"frozenset({'JUMBO STORAGE BAG SUKI', 'JUMBO BAG PINK POLKADOT'})",frozenset({'JUMBO BAG RED RETROSPOT'}),0.03173039022467481,0.11884115096570753,0.025489423203258442,0.803312629399586,6.759549389010778,1.0,0.021718547108367053,4.479997095616458,0.8799833599476248,0.20378151260504201,0.7767855695758219,0.5088978846279301
157,frozenset({'JUMBO BAG RED RETROSPOT'}),"frozenset({'JUMBO STORAGE BAG SUKI', 'JUMBO BAG PINK POLKADOT'})",0.11884115096570753,0.03173039022467481,0.025489423203258442,0.21448313985627418,6.759549389010778,1.0,0.021718547108367053,1.2326528670538799,0.9669779126420668,0.20378151260504201,0.18874159406284047,0.5088978846279301
158,"frozenset({'JUMBO BAG PINK POLKADOT', 'JUMBO BAG WOODLAND ANIMALS'})",frozenset({'JUMBO BAG RED RETROSPOT'}),0.025226645644461962,0.11884115096570753,0.02010248324793063,0.7968750000000001,6.705379353233831,1.0,0.017104519644538716,4.33801279524575,0.8728859922456649,0.16216216216216217,0.769479702527399,0.48301461442786076
159,frozenset({'JUMBO BAG RED RETROSPOT'}),"frozenset({'JUMBO BAG PINK POLKADOT', 'JUMBO BAG WOODLAND ANIMALS'})",0.11884115096570753,0.025226645644461962,0.02010248324793063,0.1691542288557214,6.705379353233831,1.0,0.017104519644538716,1.173230204942893,0.9656215874853633,0.16216216216216217,0.14765235689727665,0.48301461442786076
160,frozenset({'JUMBO  BAG BAROQUE BLACK WHITE'}),frozenset({'JUMBO STORAGE BAG SUKI'}),0.05597162002364998,0.06989883063986335,0.02608067271055052,0.46596244131455405,6.666240866250134,1.0,0.022168321921878627,1.7416399918567833,0.9003865105199224,0.261356155365372,0.425828526747432,0.41954137103321687
161,frozenset({'JUMBO STORAGE BAG SUKI'}),frozenset({'JUMBO  BAG BAROQUE BLACK WHITE'}),0.06989883063986335,0.05597162002364998,0.02608067271055052,0.37312030075187974,6.666240866250133,1.0,0.022168321921878627,1.5059163362741177,0.9138687778055717,0.261356155365372,0.33595248559812896,0.41954137103321687
162,frozenset({'JUMBO STORAGE BAG SUKI'}),frozenset({'JUMBO SHOPPER VINTAGE RED PAISLEY'}),0.06989883063986335,0.06983313625016424,0.03232163973196689,0.462406015037594,6.621584535185565,1.0,0.027440385168166156,1.7302404598423515,0.9127810758260146,0.3009174311926605,0.4220456501802568,0.462623515515034
163,frozenset({'JUMBO SHOPPER VINTAGE RED PAISLEY'}),frozenset({'JUMBO STORAGE BAG SUKI'}),0.06983313625016424,0.06989883063986335,0.03232163973196689,0.46284101599247407,6.621584535185565,1.0,0.027440385168166156,1.7315193398070492,0.912716609332913,0.3009174311926605,0.4224725205140161,0.462623515515034
164,frozenset({'LUNCH BAG SPACEBOY DESIGN'}),frozenset({'LUNCH BAG CARS BLUE'}),0.06484036263303114,0.06700827749310209,0.028642753908816185,0.44174265450861194,6.5923594969902855,1.0,0.024297912896748666,1.6712574049261493,0.9071277346506704,0.2775302355187778,0.40164812610407624,0.43459681745038437
165,frozenset({'LUNCH BAG CARS BLUE'}),frozenset({'LUNCH BAG SPACEBOY DESIGN'}),0.06700827749310209,0.06484036263303114,0.028642753908816185,0.42745098039215684,6.5923594969902855,1.0,0.024297912896748666,1.6333267638943634,0.9092355515245946,0.2775302355187778,0.3877526395173454,0.43459681745038437
166,frozenset({'LUNCH BAG WOODLAND'}),frozenset({'LUNCH BAG PINK POLKADOT'}),0.05386939955327815,0.06359216922874787,0.022533175666798057,0.4182926829268293,6.577738863132433,1.0,0.019107503694154957,1.6097576965040394,0.8962526665595116,0.23737024221453287,0.3787884958265887,0.38631576295101794
167,frozenset({'LUNCH BAG PINK POLKADOT'}),frozenset({'LUNCH BAG WOODLAND'}),0.06359216922874787,0.05386939955327815,0.022533175666798057,0.35433884297520657,6.577738863132432,1.0,0.019107503694154957,1.4653670739718827,0.905558503142282,0.23737024221453287,0.317577132882141,0.38631576295101794
168,frozenset({'JUMBO BAG RED RETROSPOT'}),"frozenset({'JUMBO BAG PINK POLKADOT', 'JUMBO  BAG BAROQUE BLACK WHITE'})",0.11884115096570753,0.025752200762054922,0.02010248324793063,0.1691542288557214,6.568534876637222,1.0,0.01704206206946805,1.1725976505798021,0.962095596458221,0.16147757255936676,0.14719256046134802,0.4748832368768403
169,"frozenset({'JUMBO BAG PINK POLKADOT', 'JUMBO  BAG BAROQUE BLACK WHITE'})",frozenset({'JUMBO BAG RED RETROSPOT'}),0.025752200762054922,0.11884115096570753,0.02010248324793063,0.7806122448979592,6.568534876637222,1.0,0.01704206206946805,4.016444986295845,0.8701677839038515,0.16147757255936676,0.7510236033576929,0.4748832368768403
170,frozenset({'LUNCH BAG SUKI DESIGN'}),frozenset({'LUNCH BAG WOODLAND'}),0.06700827749310209,0.05386939955327815,0.02358428590198397,0.35196078431372546,6.5335939741750355,1.0,0.01997459022833112,1.4599897314003876,0.9077731999769345,0.24240378122889936,0.3150636757966622,0.394882831181253
171,frozenset({'LUNCH BAG WOODLAND'}),frozenset({'LUNCH BAG SUKI DESIGN'}),0.05386939955327815,0.06700827749310209,0.02358428590198397,0.4378048780487805,6.5335939741750355,1.0,0.01997459022833112,1.659551436997085,0.8951669897286783,0.24240378122889936,0.3974275351118531,0.394882831181253
172,frozenset({'JUMBO  BAG BAROQUE BLACK WHITE'}),frozenset({'JUMBO SHOPPER VINTAGE RED PAISLEY'}),0.05597162002364998,0.06983313625016424,0.025489423203258442,0.45539906103286387,6.5212460085063535,1.0,0.021580749436004472,1.7079788101613362,0.8968534102404063,0.25409299279633274,0.4145126426331135,0.41020188235086275
173,frozenset({'JUMBO SHOPPER VINTAGE RED PAISLEY'}),frozenset({'JUMBO  BAG BAROQUE BLACK WHITE'}),0.06983313625016424,0.05597162002364998,0.025489423203258442,0.3650047036688617,6.521246008506353,1.0,0.021580749436004472,1.4866698783923853,0.9102184833077646,0.25409299279633274,0.32735571323920754,0.41020188235086275
174,frozenset({'LUNCH BAG CARS BLUE'}),frozenset({'LUNCH BAG SUKI DESIGN'}),0.06700827749310209,0.06700827749310209,0.029168309026409146,0.43529411764705883,6.496124567474048,1.0,0.02467819977381657,1.6521728419392983,0.906826979070325,0.2781954887218045,0.394736449712965,0.43529411764705883
175,frozenset({'LUNCH BAG SUKI DESIGN'}),frozenset({'LUNCH BAG CARS BLUE'}),0.06700827749310209,0.06700827749310209,0.029168309026409146,0.43529411764705883,6.496124567474048,1.0,0.02467819977381657,1.6521728419392983,0.906826979070325,0.2781954887218045,0.394736449712965,0.43529411764705883
176,frozenset({'LUNCH BAG SUKI DESIGN'}),frozenset({'LUNCH BAG  BLACK SKULL.'}),0.06700827749310209,0.07567993693338589,0.03278150045986073,0.48921568627450984,6.4642718545751645,1.0,0.027710318245167943,1.80960933652197,0.9060139713309171,0.2982665869695158,0.44739453990551453,0.4611877042483661
177,frozenset({'LUNCH BAG  BLACK SKULL.'}),frozenset({'LUNCH BAG SUKI DESIGN'}),0.07567993693338589,0.06700827749310209,0.03278150045986073,0.43315972222222227,6.464271854575164,1.0,0.027710318245167943,1.64595170647465,0.9145138891856207,0.2982665869695158,0.3924487601511525,0.4611877042483661
178,frozenset({'LUNCH BAG SPACEBOY DESIGN'}),frozenset({'LUNCH BAG SUKI DESIGN'}),0.06484036263303114,0.06700827749310209,0.02792011562212587,0.43059777102330293,6.426038500506586,1.0,0.02357527461005835,1.6385459610574877,0.9029293993677555,0.2686472819216182,0.38970280738746077,0.4236322188449848
179,frozenset({'LUNCH BAG SUKI DESIGN'}),frozenset({'LUNCH BAG SPACEBOY DESIGN'}),0.06700827749310209,0.06484036263303114,0.02792011562212587,0.41666666666666663,6.426038500506585,1.0,0.02357527461005835,1.6031308069148036,0.9050274609209971,0.2686472819216182,0.3762205830698981,0.4236322188449848
180,frozenset({'LUNCH BAG APPLE DESIGN'}),frozenset({'LUNCH BAG WOODLAND'}),0.0600446721849954,0.05386939955327815,0.020759427144921825,0.34573304157549234,6.41798580349042,1.0,0.0175248567079427,1.446092589980441,0.8981148901384726,0.22284908321579688,0.3084813469561273,0.36554944761701447
181,frozenset({'LUNCH BAG WOODLAND'}),frozenset({'LUNCH BAG APPLE DESIGN'}),0.05386939955327815,0.0600446721849954,0.020759427144921825,0.3853658536585366,6.41798580349042,1.0,0.0175248567079427,1.5292923984291742,0.8922530098667731,0.22284908321579688,0.34610281132165527,0.36554944761701447
182,frozenset({'LUNCH BAG WOODLAND'}),frozenset({'LUNCH BAG  BLACK SKULL.'}),0.05386939955327815,0.07567993693338589,0.02588358954145316,0.48048780487804876,6.3489456300813005,1.0,0.021806756780621703,1.779207633132919,0.8904621960993856,0.2496831432192649,0.43795205158874617,0.4112508468834688
183,frozenset({'LUNCH BAG  BLACK SKULL.'}),frozenset({'LUNCH BAG WOODLAND'}),0.07567993693338589,0.05386939955327815,0.02588358954145316,0.3420138888888889,6.3489456300813005,1.0,0.021806756780621703,1.4379188017343316,0.9114738129511976,0.2496831432192649,0.3045504385964913,0.4112508468834688
184,frozenset({'LUNCH BAG RED RETROSPOT'}),frozenset({'LUNCH BAG PINK POLKADOT'}),0.08645381684404152,0.06359216922874787,0.03488372093023256,0.4034954407294833,6.345049172297721,1.0,0.029385935179015096,1.5698251022865832,0.9221173751226623,0.3029092983456931,0.36298636163772935,0.47602457986887386
185,frozenset({'LUNCH BAG PINK POLKADOT'}),frozenset({'LUNCH BAG RED RETROSPOT'}),0.06359216922874787,0.08645381684404152,0.03488372093023256,0.5485537190082644,6.345049172297721,1.0,0.029385935179015096,2.0235988679518715,0.8996046175428473,0.3029092983456931,0.5058309154856754,0.47602457986887386
186,frozenset({'JUMBO  BAG BAROQUE BLACK WHITE'}),frozenset({'JUMBO BAG PINK POLKADOT'}),0.05597162002364998,0.07252660622782814,0.025752200762054922,0.46009389671361506,6.343794651969791,1.0,0.02169276911666604,1.7178420249867183,0.8923096587277917,0.25063938618925835,0.41787429492666445,0.4075831802408655
187,frozenset({'JUMBO BAG PINK POLKADOT'}),frozenset({'JUMBO  BAG BAROQUE BLACK WHITE'}),0.07252660622782814,0.05597162002364998,0.025752200762054922,0.35507246376811596,6.34379465196979,1.0,0.02169276911666604,1.4637743419858011,0.9082369879528522,0.25063938618925835,0.31683458896856376,0.4075831802408655
188,"frozenset({'JUMBO STORAGE BAG SUKI', 'JUMBO SHOPPER VINTAGE RED PAISLEY'})",frozenset({'JUMBO BAG RED RETROSPOT'}),0.03232163973196689,0.11884115096570753,0.02430692418867429,0.7520325203252033,6.3280481063517104,1.0,0.020465783321828402,3.5535258502038682,0.8700963285077339,0.1916105644743656,0.7185893554305707,0.4782827057126293
189,frozenset({'JUMBO BAG RED RETROSPOT'}),"frozenset({'JUMBO STORAGE BAG SUKI', 'JUMBO SHOPPER VINTAGE RED PAISLEY'})",0.11884115096570753,0.03232163973196689,0.02430692418867429,0.2045328911000553,6.3280481063517104,1.0,0.020465783321828402,1.216490725312628,0.9555296293833535,0.1916105644743656,0.17796331760523026,0.4782827057126293
190,frozenset({'SET OF 3 CAKE TINS PANTRY DESIGN'}),frozenset({'SET OF 6 SPICE TINS PANTRY DESIGN'}),0.0777164630140586,0.047891210090658255,0.023518591512284852,0.30262045646661034,6.318914387290457,1.0,0.0197966560545757,1.3652663011669715,0.912674827227106,0.23037323037323043,0.2675421643783028,0.39685206636773596
191,frozenset({'SET OF 6 SPICE TINS PANTRY DESIGN'}),frozenset({'SET OF 3 CAKE TINS PANTRY DESIGN'}),0.047891210090658255,0.0777164630140586,0.023518591512284852,0.4910836762688615,6.318914387290456,1.0,0.0197966560545757,1.8122498610855833,0.884084861618805,0.23037323037323043,0.4481997093927352,0.39685206636773596
192,frozenset({'JUMBO BAG PINK POLKADOT'}),frozenset({'JUMBO STORAGE BAG SUKI'}),0.07252660622782814,0.06989883063986335,0.03173039022467481,0.4375,6.25904605263158,1.0,0.026660865259071794,1.6535131899735762,0.9059356849412098,0.286646884272997,0.3952270800960588,0.4457236842105263
193,frozenset({'JUMBO STORAGE BAG SUKI'}),frozenset({'JUMBO BAG PINK POLKADOT'}),0.06989883063986335,0.07252660622782814,0.03173039022467481,0.4539473684210526,6.259046052631579,1.0,0.026660865259071794,1.6985054922092786,0.9033761830767058,0.286646884272997,0.41124712013778597,0.4457236842105263
194,frozenset({'JUMBO BAG PINK VINTAGE PAISLEY'}),frozenset({'JUMBO BAG PINK POLKADOT'}),0.05084745762711865,0.07252660622782814,0.023058730784391013,0.45348837209302323,6.252717391304348,1.0,0.019370937247382803,1.697078975838442,0.8850732600732601,0.22986247544204322,0.4107522311942201,0.3857115773508595
195,frozenset({'JUMBO BAG PINK POLKADOT'}),frozenset({'JUMBO BAG PINK VINTAGE PAISLEY'}),0.07252660622782814,0.05084745762711865,0.023058730784391013,0.3179347826086957,6.252717391304348,1.0,0.019370937247382803,1.3915861975825512,0.9057613303257162,0.22986247544204322,0.28139557453416153,0.3857115773508595
196,frozenset({'LUNCH BAG CARS BLUE'}),frozenset({'LUNCH BAG  BLACK SKULL.'}),0.06700827749310209,0.07567993693338589,0.03166469583497569,0.4725490196078431,6.244046160130719,1.0,0.026593513620282904,1.7524283723567775,0.9001660101639591,0.28520710059171595,0.4293632676951378,0.44547589869281046
197,frozenset({'LUNCH BAG  BLACK SKULL.'}),frozenset({'LUNCH BAG CARS BLUE'}),0.07567993693338589,0.06700827749310209,0.03166469583497569,0.4184027777777778,6.2440461601307184,1.0,0.026593513620282904,1.604188752728278,0.9086110644170965,0.28520710059171595,0.37663195911373987,0.44547589869281046
198,frozenset({'JUMBO STORAGE BAG SUKI'}),frozenset({'JUMBO BAG PINK VINTAGE PAISLEY'}),0.06989883063986335,0.05084745762711865,0.022139009328603337,0.3167293233082707,6.2290100250626566,1.0,0.018584831499457742,1.3891310936516448,0.902547887910202,0.22451698867421718,0.280125537056928,0.37606492005206815
199,frozenset({'JUMBO BAG PINK VINTAGE PAISLEY'}),frozenset({'JUMBO STORAGE BAG SUKI'}),0.05084745762711865,0.06989883063986335,0.022139009328603337,0.4354005167958656,6.2290100250626566,1.0,0.018584831499457742,1.6473645425280223,0.8844319626960576,0.22451698867421718,0.39296981682911897,0.37606492005206815
200,frozenset({'LUNCH BAG SPACEBOY DESIGN'}),frozenset({'LUNCH BAG  BLACK SKULL.'}),0.06484036263303114,0.07567993693338589,0.03021941926159506,0.46605876393110435,6.1582868963188115,1.0,0.02531230470678939,1.731126949234816,0.8956943235442342,0.273972602739726,0.4223416136858046,0.43268215974332996
201,frozenset({'LUNCH BAG  BLACK SKULL.'}),frozenset({'LUNCH BAG SPACEBOY DESIGN'}),0.07567993693338589,0.06484036263303114,0.03021941926159506,0.3993055555555556,6.1582868963188115,1.0,0.02531230470678939,1.556797546599347,0.9061982015388895,0.273972602739726,0.35765571947078795,0.43268215974332996
202,frozenset({'LUNCH BAG APPLE DESIGN'}),frozenset({'JUMBO BAG APPLES'}),0.0600446721849954,0.05813953488372093,0.02128498226251478,0.3544857768052517,6.097155361050329,1.0,0.017794012949433655,1.459085534095388,0.8893923627289577,0.21966101694915258,0.31463921981792153,0.36029373586025293
203,frozenset({'JUMBO BAG APPLES'}),frozenset({'LUNCH BAG APPLE DESIGN'}),0.05813953488372093,0.0600446721849954,0.02128498226251478,0.36610169491525424,6.097155361050328,1.0,0.017794012949433655,1.482817228371264,0.8875933546715441,0.21966101694915258,0.32560805143975396,0.36029373586025293
204,frozenset({'LUNCH BAG WOODLAND'}),frozenset({'LUNCH BAG RED RETROSPOT'}),0.05386939955327815,0.08645381684404152,0.028314281960320587,0.5256097560975609,6.0796593520646445,1.0,0.023657066757842987,1.925727172719501,0.8830885501530304,0.25278592375366565,0.4807156412568008,0.4265586774408777
205,frozenset({'LUNCH BAG RED RETROSPOT'}),frozenset({'LUNCH BAG WOODLAND'}),0.08645381684404152,0.05386939955327815,0.028314281960320587,0.3275075987841945,6.0796593520646445,1.0,0.023657066757842987,1.4069015482348992,0.9145866028551665,0.25278592375366565,0.28921821057443475,0.4265586774408777
206,frozenset({'JUMBO BAG PINK POLKADOT'}),frozenset({'JUMBO BAG STRAWBERRY'}),0.07252660622782814,0.04861384837734858,0.02121928787281566,0.29257246376811596,6.018294653349002,1.0,0.017693490434332357,1.34485315158951,0.8990446291474291,0.21236028928336617,0.2564243918987889,0.36452947512730116
207,frozenset({'JUMBO BAG STRAWBERRY'}),frozenset({'JUMBO BAG PINK POLKADOT'}),0.04861384837734858,0.07252660622782814,0.02121928787281566,0.4364864864864864,6.018294653349001,1.0,0.017693490434332357,1.6458760465021751,0.876447457140133,0.21236028928336617,0.39242083137110756,0.36452947512730116
208,frozenset({'LUNCH BAG PINK POLKADOT'}),frozenset({'LUNCH BAG SUKI DESIGN'}),0.06359216922874787,0.06700827749310209,0.025620811982656682,0.40289256198347106,6.012578998541565,1.0,0.021359610260588437,1.5625190093195107,0.8902980000215864,0.24405506883604508,0.3600077861225459,0.39262275157997084
209,frozenset({'LUNCH BAG SUKI DESIGN'}),frozenset({'LUNCH BAG PINK POLKADOT'}),0.06700827749310209,0.06359216922874787,0.025620811982656682,0.38235294117647056,6.0125789985415645,1.0,0.021359610260588437,1.5160888688677414,0.8935577870939088,0.24405506883604508,0.340408058831783,0.39262275157997084
210,frozenset({'LUNCH BAG PINK POLKADOT'}),frozenset({'LUNCH BAG SPACEBOY DESIGN'}),0.06359216922874787,0.06484036263303114,0.024701090526869005,0.3884297520661157,5.990554899645808,1.0,0.02057775121345591,1.5291123800189625,0.8896450119264768,0.23812539582013934,0.34602582971200657,0.38469106650924834
211,frozenset({'LUNCH BAG SPACEBOY DESIGN'}),frozenset({'LUNCH BAG PINK POLKADOT'}),0.06484036263303114,0.06359216922874787,0.024701090526869005,0.38095238095238093,5.990554899645808,1.0,0.02057775121345591,1.512658803553561,0.890832455216017,0.23812539582013934,0.33891238549580066,0.38469106650924834
212,frozenset({'LUNCH BAG RED RETROSPOT'}),frozenset({'LUNCH BAG SUKI DESIGN'}),0.08645381684404152,0.06700827749310209,0.03389830508474576,0.39209726443768994,5.851475058108349,1.0,0.028105183735322406,1.5347713835238468,0.9075654142933116,0.2835164835164835,0.3484371609118798,0.44898980868943317
213,frozenset({'LUNCH BAG SUKI DESIGN'}),frozenset({'LUNCH BAG RED RETROSPOT'}),0.06700827749310209,0.08645381684404152,0.03389830508474576,0.5058823529411764,5.851475058108349,1.0,0.028105183735322406,1.8488434659108683,0.8886498134884377,0.2835164835164835,0.45912132723073407,0.44898980868943317
214,frozenset({'LUNCH BAG SPACEBOY DESIGN'}),frozenset({'LUNCH BAG APPLE DESIGN'}),0.06484036263303114,0.0600446721849954,0.022730258835895415,0.3505572441742655,5.838273928687822,1.0,0.018836940517238835,1.447325910379734,0.8861765046261048,0.222508038585209,0.3090706157968038,0.3645565214306776
215,frozenset({'LUNCH BAG APPLE DESIGN'}),frozenset({'LUNCH BAG SPACEBOY DESIGN'}),0.0600446721849954,0.06484036263303114,0.022730258835895415,0.3785557986870897,5.838273928687821,1.0,0.018836940517238835,1.5048167404109323,0.8816551959290329,0.222508038585209,0.3354672544864686,0.3645565214306776
216,frozenset({'JUMBO STORAGE BAG SUKI'}),frozenset({'JUMBO BAG APPLES'}),0.06989883063986335,0.05813953488372093,0.02371567468138221,0.3392857142857143,5.835714285714286,1.0,0.01965178917906457,1.4255185417976115,0.8909153091798574,0.22732997481108314,0.2985008818342152,0.37359765940274414
217,frozenset({'JUMBO BAG APPLES'}),frozenset({'JUMBO STORAGE BAG SUKI'}),0.05813953488372093,0.06989883063986335,0.02371567468138221,0.40790960451977404,5.835714285714286,1.0,0.01965178917906457,1.5708769749689333,0.8797920727745289,0.22732997481108314,0.36341291142816784,0.37359765940274414
218,frozenset({'JUMBO BAG RED RETROSPOT'}),frozenset({'DOTCOM POSTAGE'}),0.11884115096570753,0.04283274208382604,0.029496780974904744,0.24820342730790493,5.7947125314124674,1.0,0.024406488606645557,1.2731732129193813,0.9390235215411966,0.2231610337972167,0.21456091767199237,0.4684268670281856
219,frozenset({'DOTCOM POSTAGE'}),frozenset({'JUMBO BAG RED RETROSPOT'}),0.04283274208382604,0.11884115096570753,0.029496780974904744,0.6886503067484663,5.7947125314124674,1.0,0.024406488606645557,2.830125958474673,0.8644559021573144,0.2231610337972167,0.6466588361533702,0.4684268670281856
220,frozenset({'LUNCH BAG  BLACK SKULL.'}),frozenset({'LUNCH BAG RED RETROSPOT'}),0.07567993693338589,0.08645381684404152,0.03783996846669294,0.5,5.783434650455927,1.0,0.031297149060285384,1.827092366311917,0.8948116560056858,0.3044397463002114,0.45268229541205235,0.4688449848024316
221,frozenset({'LUNCH BAG RED RETROSPOT'}),frozenset({'LUNCH BAG  BLACK SKULL.'}),0.08645381684404152,0.07567993693338589,0.03783996846669294,0.43768996960486317,5.783434650455926,1.0,0.031297149060285384,1.6437908148590055,0.9053645908241046,0.3044397463002114,0.39165008651920596,0.4688449848024316
222,frozenset({'JUMBO BAG PINK POLKADOT'}),frozenset({'JUMBO SHOPPER VINTAGE RED PAISLEY'}),0.07252660622782814,0.06983313625016424,0.029102614636710024,0.401268115942029,5.746099022454906,1.0,0.02403785426224009,1.5535615999694685,0.8905580407893866,0.25696055684454755,0.35631776685285443,0.40900658854486205
223,frozenset({'JUMBO SHOPPER VINTAGE RED PAISLEY'}),frozenset({'JUMBO BAG PINK POLKADOT'}),0.06983313625016424,0.07252660622782814,0.029102614636710024,0.41674506114769516,5.746099022454906,1.0,0.02403785426224009,1.5901680928706752,0.887979265475285,0.25696055684454755,0.3711356651643445,0.40900658854486205
224,frozenset({'LUNCH BAG APPLE DESIGN'}),frozenset({'LUNCH BAG  BLACK SKULL.'}),0.0600446721849954,0.07567993693338589,0.02608067271055052,0.4343544857768053,5.739361095915391,1.0,0.02153649570640424,1.6340977517270512,0.8785147059755548,0.23786698621929298,0.3880415055077847,0.38948627066618047
225,frozenset({'LUNCH BAG  BLACK SKULL.'}),frozenset({'LUNCH BAG APPLE DESIGN'}),0.07567993693338589,0.0600446721849954,0.02608067271055052,0.3446180555555556,5.739361095915391,1.0,0.02153649570640424,1.4342099836329607,0.8933751537383254,0.23786698621929298,0.3027520297502563,0.38948627066618047
226,frozenset({'JUMBO BAG RED RETROSPOT'}),frozenset({'JUMBO BAG TOYS'}),0.11884115096570753,0.031599001445276574,0.02148206543161214,0.18076285240464343,5.720524198136138,1.0,0.017726803730488416,1.1820765225273242,0.9364836386991396,0.16658176260825266,0.15403107925537496,0.4302982661191616
227,frozenset({'JUMBO BAG TOYS'}),frozenset({'JUMBO BAG RED RETROSPOT'}),0.031599001445276574,0.11884115096570753,0.02148206543161214,0.6798336798336798,5.720524198136138,1.0,0.017726803730488416,2.75219095055516,0.8521168879907441,0.16658176260825266,0.6366531182008703,0.4302982661191616
228,frozenset({'JUMBO BAG PINK POLKADOT'}),frozenset({'JUMBO BAG RED RETROSPOT'}),0.07252660622782814,0.11884115096570753,0.04907370910524241,0.6766304347826088,5.693570192515683,1.0,0.04045456374549067,2.724928205416972,0.8888268757136494,0.34487534626038785,0.6330178541907754,0.5447828790828466
229,frozenset({'JUMBO BAG RED RETROSPOT'}),frozenset({'JUMBO BAG PINK POLKADOT'}),0.11884115096570753,0.07252660622782814,0.04907370910524241,0.41293532338308453,5.693570192515682,1.0,0.04045456374549067,1.5798487470186995,0.9355444592056441,0.34487534626038785,0.36702801335439245,0.5447828790828466
230,frozenset({'JUMBO BAG SCANDINAVIAN BLUE PAISLEY'}),frozenset({'JUMBO BAG RED RETROSPOT'}),0.041650243069241887,0.11884115096570753,0.02811719879122323,0.6750788643533123,5.680514357759049,1.0,0.02316743596687304,2.7119160693579683,0.8597691996238106,0.21240694789081888,0.6312570247659822,0.4558368340561476
231,frozenset({'JUMBO BAG RED RETROSPOT'}),frozenset({'JUMBO BAG SCANDINAVIAN BLUE PAISLEY'}),0.11884115096570753,0.041650243069241887,0.02811719879122323,0.23659480375898284,5.680514357759049,1.0,0.02316743596687304,1.2553618466964094,0.9350863404243757,0.21240694789081888,0.2034169250630132,0.4558368340561476
232,frozenset({'LUNCH BAG CARS BLUE'}),frozenset({'LUNCH BAG APPLE DESIGN'}),0.06700827749310209,0.0600446721849954,0.022598870056497175,0.3372549019607843,5.6167331702921865,1.0,0.018575380000742655,1.4182757904900956,0.8809944881657678,0.21635220125786161,0.294918515351346,0.3568112584202171
233,frozenset({'LUNCH BAG APPLE DESIGN'}),frozenset({'LUNCH BAG CARS BLUE'}),0.0600446721849954,0.06700827749310209,0.022598870056497175,0.37636761487964987,5.6167331702921865,1.0,0.018575380000742655,1.4960604111777274,0.8744676908673632,0.21635220125786161,0.3315777942330679,0.3568112584202171
234,frozenset({'LUNCH BAG PINK POLKADOT'}),frozenset({'LUNCH BAG APPLE DESIGN'}),0.06359216922874787,0.0600446721849954,0.0213506766522139,0.3357438016528925,5.591566902363599,1.0,0.01753230569734098,1.415049389307814,0.8769248038337416,0.2087347463070006,0.2933108854319492,0.345661835180932
235,frozenset({'LUNCH BAG APPLE DESIGN'}),frozenset({'LUNCH BAG PINK POLKADOT'}),0.0600446721849954,0.06359216922874787,0.0213506766522139,0.3555798687089715,5.591566902363599,1.0,0.01753230569734098,1.4531014555601434,0.8736151910711598,0.2087347463070006,0.31181680661484246,0.345661835180932
236,frozenset({'LUNCH BAG RED RETROSPOT'}),frozenset({'LUNCH BAG CARS BLUE'}),0.08645381684404152,0.06700827749310209,0.03205886217317041,0.3708206686930091,5.533953155730377,1.0,0.026265740823747052,1.4828709019554078,0.8968318899967699,0.26406926406926406,0.32563246154379555,0.42462602062101434
237,frozenset({'LUNCH BAG CARS BLUE'}),frozenset({'LUNCH BAG RED RETROSPOT'}),0.06700827749310209,0.08645381684404152,0.03205886217317041,0.4784313725490196,5.5339531557303765,1.0,0.026265740823747052,1.7515359150734542,0.8781399987533505,0.26406926406926406,0.42907251207688596,0.42462602062101434
238,frozenset({'JUMBO BAG RED RETROSPOT'}),frozenset({'JUMBO BAG STRAWBERRY'}),0.11884115096570753,0.04861384837734858,0.03192747339377217,0.26865671641791045,5.526341266639774,1.0,0.026150147699735674,1.3008749420146457,0.9295128275222214,0.23557925351429956,0.23128659973162774,0.4627067365873336
239,frozenset({'JUMBO BAG STRAWBERRY'}),frozenset({'JUMBO BAG RED RETROSPOT'}),0.04861384837734858,0.11884115096570753,0.03192747339377217,0.6567567567567567,5.526341266639774,1.0,0.026150147699735674,2.5671557019109303,0.860900121223281,0.23557925351429956,0.6104638299672966,0.4627067365873336
240,frozenset({'LUNCH BAG RED RETROSPOT'}),frozenset({'LUNCH BAG SPACEBOY DESIGN'}),0.08645381684404152,0.06484036263303114,0.030942057548285377,0.35790273556231006,5.519752219584077,1.0,0.025336360713108068,1.4564142991419304,0.8963229912213121,0.25709606986899564,0.3133821876171046,0.4175531914893617
241,frozenset({'LUNCH BAG SPACEBOY DESIGN'}),frozenset({'LUNCH BAG RED RETROSPOT'}),0.06484036263303114,0.08645381684404152,0.030942057548285377,0.47720364741641336,5.519752219584076,1.0,0.025336360713108068,1.7474226410366882,0.8756071314312305,0.25709606986899564,0.427728600674,0.4175531914893617
242,frozenset({'JUMBO BAG WOODLAND ANIMALS'}),frozenset({'JUMBO BAG RED RETROSPOT'}),0.04631454473787938,0.11884115096570753,0.03008803048219682,0.649645390070922,5.4665020053397315,1.0,0.02458395667909448,2.5150485367173125,0.8567475325570714,0.2227626459143969,0.6023933592529318,0.4514119708784682
243,frozenset({'JUMBO BAG RED RETROSPOT'}),frozenset({'JUMBO BAG WOODLAND ANIMALS'}),0.11884115096570753,0.04631454473787938,0.03008803048219682,0.25317855168601433,5.4665020053397315,1.0,0.02458395667909448,1.27699258961449,0.9272648870596439,0.2227626459143969,0.21691009945336573,0.4514119708784682
244,frozenset({'LUNCH BAG APPLE DESIGN'}),frozenset({'LUNCH BAG RED RETROSPOT'}),0.0600446721849954,0.08645381684404152,0.028314281960320587,0.47155361050328226,5.4543989810645614,1.0,0.02312319086877848,1.7287395681253541,0.8688303786696003,0.2395775430794886,0.42154387020573586,0.39953060464373835
245,frozenset({'LUNCH BAG RED RETROSPOT'}),frozenset({'LUNCH BAG APPLE DESIGN'}),0.08645381684404152,0.0600446721849954,0.028314281960320587,0.3275075987841945,5.454398981064561,1.0,0.02312319086877848,1.3977188829429896,0.8939468616427901,0.2395775430794886,0.28454855106884325,0.39953060464373835
246,frozenset({'JUMBO BAG APPLES'}),frozenset({'JUMBO BAG PINK POLKADOT'}),0.05813953488372093,0.07252660622782814,0.022927342004992773,0.3943502824858757,5.437318840579711,1.0,0.018710678852212066,1.5313693162096496,0.866461494923768,0.2128048780487805,0.34698965859186853,0.35523673544583645
247,frozenset({'JUMBO BAG PINK POLKADOT'}),frozenset({'JUMBO BAG APPLES'}),0.07252660622782814,0.05813953488372093,0.022927342004992773,0.3161231884057971,5.43731884057971,1.0,0.018710678852212066,1.3772370244879102,0.8799021428475748,0.2128048780487805,0.27390857040615496,0.35523673544583645
248,frozenset({'JUMBO BAG RED RETROSPOT'}),frozenset({'JUMBO  BAG BAROQUE BLACK WHITE'}),0.11884115096570753,0.05597162002364998,0.035672053606622,0.30016583747927034,5.36282204003457,1.0,0.029020321861596192,1.348931547691325,0.9232512533194276,0.2563739376770538,0.25867253849056737,0.4687448905706211
249,frozenset({'JUMBO  BAG BAROQUE BLACK WHITE'}),frozenset({'JUMBO BAG RED RETROSPOT'}),0.05597162002364998,0.11884115096570753,0.035672053606622,0.6373239436619719,5.362822040034569,1.0,0.029020321861596192,2.4296030400557194,0.8617654182862546,0.2563739376770538,0.5884101297563957,0.4687448905706211
250,frozenset({'JUMBO BAG RED RETROSPOT'}),frozenset({'JUMBO BAG SPACEBOY DESIGN'}),0.11884115096570753,0.03882538431217974,0.024504007357771647,0.20619126589275844,5.310733416953585,1.0,0.01988995399942628,1.2108390527710773,0.9211756670782156,0.18401578687715836,0.17412640622100806,0.4186624688177837
251,frozenset({'JUMBO BAG SPACEBOY DESIGN'}),frozenset({'JUMBO BAG RED RETROSPOT'}),0.03882538431217974,0.11884115096570753,0.024504007357771647,0.6311336717428089,5.310733416953585,1.0,0.01988995399942628,2.3888297237581053,0.8444897288305725,0.18401578687715836,0.5813849810832056,0.4186624688177837
252,frozenset({'JUMBO BAG APPLES'}),frozenset({'JUMBO SHOPPER VINTAGE RED PAISLEY'}),0.05813953488372093,0.06983313625016424,0.02148206543161214,0.3694915254237288,5.291063029162746,1.0,0.01742199937055608,1.4752646494957071,0.8610639181485256,0.20172732880937694,0.32215551945758886,0.3385557344898512
253,frozenset({'JUMBO SHOPPER VINTAGE RED PAISLEY'}),frozenset({'JUMBO BAG APPLES'}),0.06983313625016424,0.05813953488372093,0.02148206543161214,0.3076199435559736,5.291063029162746,1.0,0.01742199937055608,1.360322927199191,0.8718887911925568,0.20172732880937694,0.26488043389893495,0.3385557344898512
254,frozenset({'RED HANGING HEART T-LIGHT HOLDER'}),frozenset({'WHITE HANGING HEART T-LIGHT HOLDER'}),0.04046774405465773,0.12633031139140719,0.027000394166338194,0.6672077922077922,5.281454504933444,1.0,0.021888091458605517,2.625270869184845,0.8448472830383674,0.19313909774436092,0.6190869248054,0.440468170674879
255,frozenset({'WHITE HANGING HEART T-LIGHT HOLDER'}),frozenset({'RED HANGING HEART T-LIGHT HOLDER'}),0.12633031139140719,0.04046774405465773,0.027000394166338194,0.21372854914196565,5.281454504933444,1.0,0.021888091458605517,1.220357492184453,0.927877240097631,0.19313909774436092,0.18056798405032187,0.440468170674879
256,frozenset({'JUMBO STORAGE BAG SUKI'}),frozenset({'JUMBO BAG RED RETROSPOT'}),0.06989883063986335,0.11884115096570753,0.04355538037051636,0.6231203007518797,5.243304155912169,1.0,0.03524852288611793,2.3380374448191703,0.8700995040458076,0.30000000000000004,0.5722908535036989,0.49481056496963804
257,frozenset({'JUMBO BAG RED RETROSPOT'}),frozenset({'JUMBO STORAGE BAG SUKI'}),0.11884115096570753,0.06989883063986335,0.04355538037051636,0.36650082918739635,5.243304155912169,1.0,0.03524852288611793,1.4681963484925717,0.9184275537374594,0.30000000000000004,0.3188921897083308,0.49481056496963804
258,frozenset({'JUMBO BAG PINK VINTAGE PAISLEY'}),frozenset({'JUMBO BAG RED RETROSPOT'}),0.05084745762711865,0.11884115096570753,0.030942057548285377,0.6085271317829457,5.120508568269762,1.0,0.024899287160198555,2.25088102030542,0.8478161965423112,0.22301136363636362,0.5557295161410571,0.4344459871186702
259,frozenset({'JUMBO BAG RED RETROSPOT'}),frozenset({'JUMBO BAG PINK VINTAGE PAISLEY'}),0.11884115096570753,0.05084745762711865,0.030942057548285377,0.2603648424543947,5.120508568269762,1.0,0.024899287160198555,1.2832712624458464,0.9132370392636482,0.22301136363636362,0.22074153044302294,0.4344459871186702
260,frozenset({'JUMBO BAG RED RETROSPOT'}),frozenset({'JUMBO STORAGE BAG SKULLS'}),0.11884115096570753,0.0420444094074366,0.025423728813559324,0.21393034825870647,5.088199626865672,1.0,0.020427122807906137,1.2186650234753498,0.911829724373612,0.18768186226964115,0.17942996579303452,0.40930892412935327
261,frozenset({'JUMBO STORAGE BAG SKULLS'}),frozenset({'JUMBO BAG RED RETROSPOT'}),0.0420444094074366,0.11884115096570753,0.025423728813559324,0.6046875,5.088199626865672,1.0,0.020427122807906137,2.2290184323397124,0.8387307703348824,0.18768186226964115,0.5513720364571685,0.40930892412935327
262,"frozenset({'GREEN REGENCY TEACUP AND SAUCER', 'ROSES REGENCY TEACUP AND SAUCER'})",frozenset({'REGENCY CAKESTAND 3 TIER'}),0.04289843647352516,0.09919852844567074,0.02148206543161214,0.5007656967840735,5.048116183077593,1.0,0.017226603660818355,1.8043661378066778,0.8378487018328684,0.1781045751633987,0.4457887570337782,0.35866099408740093
263,frozenset({'REGENCY CAKESTAND 3 TIER'}),"frozenset({'GREEN REGENCY TEACUP AND SAUCER', 'ROSES REGENCY TEACUP AND SAUCER'})",0.09919852844567074,0.04289843647352516,0.02148206543161214,0.21655629139072846,5.048116183077593,1.0,0.017226603660818355,1.221659645752305,0.8902142456974225,0.1781045751633987,0.1814414076154622,0.35866099408740093
264,frozenset({'JUMBO BAG OWLS'}),frozenset({'JUMBO BAG RED RETROSPOT'}),0.036920247010905266,0.11884115096570753,0.022139009328603337,0.599644128113879,5.045761701575161,1.0,0.01775136467988913,2.200938991810099,0.8325518883009946,0.16568338249754175,0.5456484692573971,0.39296744824709984
265,frozenset({'JUMBO BAG RED RETROSPOT'}),frozenset({'JUMBO BAG OWLS'}),0.11884115096570753,0.036920247010905266,0.022139009328603337,0.1862907683803206,5.045761701575161,1.0,0.01775136467988913,1.1835674410035817,0.9099538270701991,0.16568338249754175,0.15509673098807913,0.39296744824709984
266,frozenset({'REGENCY CAKESTAND 3 TIER'}),frozenset({'PINK REGENCY TEACUP AND SAUCER'}),0.09919852844567074,0.045657600840888185,0.022795953225594533,0.22980132450331123,5.033144980704178,1.0,0.018266786409818606,1.2390860040672904,0.8895601236133016,0.1867599569429494,0.1929535183857234,0.36454095002143977
267,frozenset({'PINK REGENCY TEACUP AND SAUCER'}),frozenset({'REGENCY CAKESTAND 3 TIER'}),0.045657600840888185,0.09919852844567074,0.022795953225594533,0.49928057553956834,5.033144980704178,1.0,0.018266786409818606,1.7990144331329279,0.8396536390848484,0.1867599569429494,0.44414009049469877,0.36454095002143977
268,frozenset({'JUMBO BAG RED RETROSPOT'}),frozenset({'JUMBO SHOPPER VINTAGE RED PAISLEY'}),0.11884115096570753,0.06983313625016424,0.041387465510445406,0.34825870646766166,4.987012257620645,1.0,0.033088415222930816,1.4272025924711218,0.90730421446145,0.2809991079393399,0.29932862701114105,0.47046049152169533
269,frozenset({'JUMBO SHOPPER VINTAGE RED PAISLEY'}),frozenset({'JUMBO BAG RED RETROSPOT'}),0.06983313625016424,0.11884115096570753,0.041387465510445406,0.592662276575729,4.987012257620645,1.0,0.033088415222930816,2.1632144492458494,0.8595007718462765,0.2809991079393399,0.5377249812894764,0.47046049152169533
270,frozenset({'RED RETROSPOT CHARLOTTE BAG'}),frozenset({'LUNCH BAG  BLACK SKULL.'}),0.055708842464853504,0.07567993693338589,0.0210222047037183,0.3773584905660377,4.98624213836478,1.0,0.01680616301934626,1.4845140406827435,0.8466119382217894,0.19047619047619044,0.3263788872349841,0.3275681341719078
271,frozenset({'LUNCH BAG  BLACK SKULL.'}),frozenset({'RED RETROSPOT CHARLOTTE BAG'}),0.07567993693338589,0.055708842464853504,0.0210222047037183,0.2777777777777778,4.98624213836478,1.0,0.01680616301934626,1.3074800642794335,0.864904051172708,0.19047619047619044,0.23516998283938595,0.3275681341719078
272,frozenset({'RECIPE BOX PANTRY YELLOW DESIGN'}),frozenset({'SET OF 3 CAKE TINS PANTRY DESIGN'}),0.06194980948626987,0.0777164630140586,0.02378136907108133,0.383881230116649,4.939509792760465,1.0,0.01896684899341366,1.49692491459164,0.8502218418347229,0.20521541950113376,0.3319638211293989,0.34494146036686213
273,frozenset({'SET OF 3 CAKE TINS PANTRY DESIGN'}),frozenset({'RECIPE BOX PANTRY YELLOW DESIGN'}),0.0777164630140586,0.06194980948626987,0.02378136907108133,0.3060016906170752,4.939509792760465,1.0,0.01896684899341366,1.3516606277439012,0.864756583770782,0.20521541950113376,0.2601693210009888,0.34494146036686213
274,frozenset({'JUMBO BAG RED RETROSPOT'}),frozenset({'JUMBO BAG APPLES'}),0.11884115096570753,0.05813953488372093,0.0333727499671528,0.28081813156440016,4.830071862907683,1.0,0.026463380724960503,1.3096276567220206,0.899910094273331,0.23238792314730097,0.23642418906837548,0.42741471549971416
275,frozenset({'JUMBO BAG APPLES'}),frozenset({'JUMBO BAG RED RETROSPOT'}),0.05813953488372093,0.11884115096570753,0.0333727499671528,0.5740112994350282,4.830071862907682,1.0,0.026463380724960503,2.0685028684226756,0.8419121220958492,0.23238792314730097,0.5165585625885334,0.42741471549971416
276,frozenset({'RECYCLING BAG RETROSPOT'}),frozenset({'JUMBO BAG RED RETROSPOT'}),0.04283274208382604,0.11884115096570753,0.024569701747470765,0.5736196319018404,4.826776139751141,1.0,0.019479409379211582,2.0666027682387,0.8283007718592522,0.17920459990416865,0.5161140711854033,0.39018184469608325
277,frozenset({'JUMBO BAG RED RETROSPOT'}),frozenset({'RECYCLING BAG RETROSPOT'}),0.11884115096570753,0.04283274208382604,0.024569701747470765,0.20674405749032612,4.826776139751141,1.0,0.019479409379211582,1.2066310589340479,0.8997496642055698,0.17920459990416865,0.17124626239655075,0.39018184469608325
278,frozenset({'REGENCY CAKESTAND 3 TIER'}),frozenset({'GREEN REGENCY TEACUP AND SAUCER'}),0.09919852844567074,0.05721981342793325,0.027131782945736434,0.2735099337748344,4.779986466039643,1.0,0.021455661655749622,1.2977193087728538,0.877878657742392,0.20985772357723578,0.22941733760159774,0.37383877859809456
279,frozenset({'GREEN REGENCY TEACUP AND SAUCER'}),frozenset({'REGENCY CAKESTAND 3 TIER'}),0.05721981342793325,0.09919852844567074,0.027131782945736434,0.47416762342135477,4.779986466039643,1.0,0.021455661655749622,1.7130962483052854,0.8387897815457932,0.20985772357723578,0.416261636794039,0.37383877859809456
280,frozenset({'ROSES REGENCY TEACUP AND SAUCER'}),frozenset({'REGENCY CAKESTAND 3 TIER'}),0.05833661805281829,0.09919852844567074,0.027328866114833792,0.46846846846846846,4.722534454984785,1.0,0.021541959449497067,1.6947281922462802,0.8370818173036674,0.2098890010090817,0.4099348765334763,0.37198257860509515
281,frozenset({'REGENCY CAKESTAND 3 TIER'}),frozenset({'ROSES REGENCY TEACUP AND SAUCER'}),0.09919852844567074,0.05833661805281829,0.027328866114833792,0.27549668874172184,4.722534454984785,1.0,0.021541959449497067,1.2997364778247207,0.8750532941387668,0.2098890010090817,0.23061326887306335,0.37198257860509515
282,frozenset({'JAM MAKING SET WITH JARS'}),frozenset({'SET OF 3 CAKE TINS PANTRY DESIGN'}),0.059322033898305086,0.0777164630140586,0.02148206543161214,0.36212624584717606,4.659582176065692,1.0,0.01687176677823578,1.4458715866290022,0.834917486293633,0.18590108015918133,0.30837564743113566,0.3192710688238416
283,frozenset({'SET OF 3 CAKE TINS PANTRY DESIGN'}),frozenset({'JAM MAKING SET WITH JARS'}),0.0777164630140586,0.059322033898305086,0.02148206543161214,0.2764158918005072,4.659582176065692,1.0,0.01687176677823578,1.3000257405354032,0.8515694484107509,0.18590108015918133,0.2307844615536923,0.3192710688238416
284,frozenset({'RED RETROSPOT CHARLOTTE BAG'}),frozenset({'LUNCH BAG RED RETROSPOT'}),0.055708842464853504,0.08645381684404152,0.022139009328603337,0.39740566037735847,4.59673933302747,1.0,0.01732276726555333,1.516021846020064,0.828615712758653,0.18445539135194308,0.3403788984800914,0.3267423438664908
285,frozenset({'LUNCH BAG RED RETROSPOT'}),frozenset({'RED RETROSPOT CHARLOTTE BAG'}),0.08645381684404152,0.055708842464853504,0.022139009328603337,0.2560790273556231,4.59673933302747,1.0,0.01732276726555333,1.2693433741739046,0.8565023914276484,0.18445539135194308,0.21219110577482225,0.3267423438664908
286,frozenset({'SPOTTY BUNTING'}),frozenset({'PARTY BUNTING'}),0.06812508211798712,0.10077519379844961,0.029693864144002102,0.43587270973963355,4.325198427416364,1.0,0.022828545791026656,1.594010468429073,0.8249999220165886,0.21330816422840962,0.3726515479001097,0.3652636038919811
287,frozenset({'PARTY BUNTING'}),frozenset({'SPOTTY BUNTING'}),0.10077519379844961,0.06812508211798712,0.029693864144002102,0.2946544980443286,4.325198427416364,1.0,0.022828545791026656,1.3211609279399334,0.8549549893194995,0.21330816422840962,0.24308993790840813,0.3652636038919811
288,frozenset({'JUMBO BAG RED RETROSPOT'}),frozenset({'JUMBO BAG VINTAGE DOILY'}),0.11884115096570753,0.0430298252529234,0.0216791486007095,0.18242122719734657,4.239413618928259,1.0,0.016565434641798812,1.1704929317900348,0.8671743152843577,0.1546391752577319,0.1456590870047374,0.34311901054523813
289,frozenset({'JUMBO BAG VINTAGE DOILY'}),frozenset({'JUMBO BAG RED RETROSPOT'}),0.0430298252529234,0.11884115096570753,0.0216791486007095,0.5038167938931297,4.239413618928259,1.0,0.016565434641798812,1.7758739880537275,0.7984766314896059,0.1546391752577319,0.4368969832730352,0.34311901054523813
290,frozenset({'JUMBO BAG RED RETROSPOT'}),frozenset({'JUMBO BAG VINTAGE LEAF'}),0.11884115096570753,0.05360662199448167,0.026540533438444355,0.22332780541735764,4.166048840763502,1.0,0.020169860781236542,1.2185235735316602,0.8624601668397661,0.18190004502476362,0.17933471151346783,0.3592129223165219
291,frozenset({'JUMBO BAG VINTAGE LEAF'}),frozenset({'JUMBO BAG RED RETROSPOT'}),0.05360662199448167,0.11884115096570753,0.026540533438444355,0.49509803921568624,4.166048840763502,1.0,0.020169860781236542,1.7452078175048122,0.8030111216036222,0.18190004502476362,0.4270023375040018,0.3592129223165219
292,frozenset({'JUMBO BAG RED RETROSPOT'}),frozenset({'JUMBO BAG ALPHABET'}),0.11884115096570753,0.05557745368545526,0.02608067271055052,0.21945826423438364,3.9486923146285906,1.0,0.019475784146827713,1.2099577806536908,0.8474653617181421,0.1758193091231178,0.17352488162046384,0.34436270185714457
293,frozenset({'JUMBO BAG ALPHABET'}),frozenset({'JUMBO BAG RED RETROSPOT'}),0.05557745368545526,0.11884115096570753,0.02608067271055052,0.46926713947990545,3.9486923146285906,1.0,0.019475784146827713,1.6602681208975756,0.7906965008851865,0.1758193091231178,0.397687646101776,0.34436270185714457
294,frozenset({'RED RETROSPOT CHARLOTTE BAG'}),frozenset({'JUMBO BAG RED RETROSPOT'}),0.055708842464853504,0.11884115096570753,0.023518591512284852,0.4221698113207547,3.5523874338996837,1.0,0.01689808855479438,1.5249442938389386,0.760887325268389,0.1557198782079165,0.3442383410068239,0.3100346016249987
295,frozenset({'JUMBO BAG RED RETROSPOT'}),frozenset({'RED RETROSPOT CHARLOTTE BAG'}),0.11884115096570753,0.055708842464853504,0.023518591512284852,0.19789939192924266,3.5523874338996837,1.0,0.01689808855479438,1.1772727112205927,0.8154025507647673,0.1557198782079165,0.15057913899728204,0.3100346016249987
296,frozenset({'LUNCH BAG RED RETROSPOT'}),frozenset({'JUMBO BAG RED RETROSPOT'}),0.08645381684404152,0.11884115096570753,0.03251872290106425,0.37613981762917936,3.1650637390554826,1.0,0.022244451801939884,1.4124300186712897,0.748786004733078,0.18821292775665402,0.2920003208791,0.3248858292125996
297,frozenset({'JUMBO BAG RED RETROSPOT'}),frozenset({'LUNCH BAG RED RETROSPOT'}),0.11884115096570753,0.08645381684404152,0.03251872290106425,0.2736318407960199,3.165063739055482,1.0,0.022244451801939884,1.2576902932489564,0.7763079237917082,0.18821292775665402,0.20489169283740935,0.3248858292125996
298,frozenset({'JUMBO BAG RED RETROSPOT'}),frozenset({'LUNCH BAG PINK POLKADOT'}),0.11884115096570753,0.06359216922874787,0.02154775982131126,0.18131564400221117,2.8512259638446884,1.0,0.013990393237760815,1.143795925634838,0.7368406696815795,0.13393221723152307,0.12571816563783209,0.2600793096044114
299,frozenset({'LUNCH BAG PINK POLKADOT'}),frozenset({'JUMBO BAG RED RETROSPOT'}),0.06359216922874787,0.11884115096570753,0.02154775982131126,0.33884297520661155,2.851225963844688,1.0,0.013990393237760815,1.3327527591643673,0.6933663464598726,0.13393221723152307,0.24967328476813846,0.2600793096044114
300,frozenset({'WOODEN PICTURE FRAME WHITE FINISH'}),frozenset({'WHITE HANGING HEART T-LIGHT HOLDER'}),0.06543161214032321,0.12633031139140719,0.02345289712258573,0.35843373493975905,2.8372742138601206,1.0,0.01518690118605692,1.361776228253769,0.6928856738815307,0.13934426229508196,0.2656649607679534,0.27204058041839746
301,frozenset({'WHITE HANGING HEART T-LIGHT HOLDER'}),frozenset({'WOODEN PICTURE FRAME WHITE FINISH'}),0.12633031139140719,0.06543161214032321,0.02345289712258573,0.18564742589703587,2.8372742138601206,1.0,0.01518690118605692,1.1476213345173425,0.7411829157559708,0.13934426229508196,0.12863244179703923,0.27204058041839746
302,frozenset({'NATURAL SLATE HEART CHALKBOARD'}),frozenset({'WHITE HANGING HEART T-LIGHT HOLDER'}),0.07390618841150966,0.12633031139140719,0.024438312968072525,0.33066666666666666,2.6174768590743627,1.0,0.015101721172294502,1.3052833993156268,0.6672679156169122,0.1390134529147982,0.2338828483344612,0.2620572022880915
303,frozenset({'WHITE HANGING HEART T-LIGHT HOLDER'}),frozenset({'NATURAL SLATE HEART CHALKBOARD'}),0.12633031139140719,0.07390618841150966,0.024438312968072525,0.19344773790951636,2.6174768590743627,1.0,0.015101721172294502,1.1482130236522674,0.7073070010114755,0.1390134529147982,0.12908146885568972,0.2620572022880915
304,frozenset({'LUNCH BAG SUKI DESIGN'}),frozenset({'JUMBO BAG RED RETROSPOT'}),0.06700827749310209,0.11884115096570753,0.020430955196426227,0.30490196078431375,2.5656261177771276,1.0,0.012467614374916459,1.2676756361283192,0.6540589591339655,0.12351072279586973,0.21115467435016955,0.23841007381393686
305,frozenset({'JUMBO BAG RED RETROSPOT'}),frozenset({'LUNCH BAG SUKI DESIGN'}),0.11884115096570753,0.06700827749310209,0.020430955196426227,0.17191818684355997,2.565626117777127,1.0,0.012467614374916459,1.1266902710380362,0.6925330155536106,0.12351072279586973,0.11244463034309744,0.23841007381393686
306,frozenset({'JUMBO BAG RED RETROSPOT'}),frozenset({'LUNCH BAG  BLACK SKULL.'}),0.11884115096570753,0.07567993693338589,0.022795953225594533,0.19181868435599778,2.5346041781831583,1.0,0.013802062415418795,1.1437038263252428,0.6871191031282611,0.13274674827850036,0.12564776213695794,0.2465169810668878
307,frozenset({'LUNCH BAG  BLACK SKULL.'}),frozenset({'JUMBO BAG RED RETROSPOT'}),0.07567993693338589,0.11884115096570753,0.022795953225594533,0.3012152777777778,2.5346041781831583,1.0,0.013802062415418795,1.260987570295037,0.6550340106794148,0.13274674827850036,0.20697077151519674,0.2465169810668878
308,frozenset({'HEART OF WICKER SMALL'}),frozenset({'WHITE HANGING HEART T-LIGHT HOLDER'}),0.06720536066219945,0.12633031139140719,0.02089081592432006,0.3108504398826979,2.460616430522323,1.0,0.012400741784692578,1.267750484321405,0.6363649047833556,0.12100456621004564,0.21120124790543854,0.23810852727364223
309,frozenset({'WHITE HANGING HEART T-LIGHT HOLDER'}),frozenset({'HEART OF WICKER SMALL'}),0.12633031139140719,0.06720536066219945,0.02089081592432006,0.16536661466458655,2.4606164305223226,1.0,0.012400741784692578,1.117610025823421,0.6794304295825901,0.12100456621004564,0.10523350999537547,0.23810852727364223
310,frozenset({'REGENCY CAKESTAND 3 TIER'}),frozenset({'PARTY BUNTING'}),0.09919852844567074,0.10077519379844961,0.022927342004992773,0.23112582781456953,2.2934793683138053,1.0,0.012930591076359287,1.1695344163344885,0.6260882902642322,0.12949907235621522,0.14495889472482298,0.22931780308590277
311,frozenset({'PARTY BUNTING'}),frozenset({'REGENCY CAKESTAND 3 TIER'}),0.10077519379844961,0.09919852844567074,0.022927342004992773,0.227509778357236,2.2934793683138053,1.0,0.012930591076359287,1.1661008079023973,0.6271860488094061,0.12949907235621522,0.14244120815007627,0.22931780308590277
312,frozenset({'WHITE HANGING HEART T-LIGHT HOLDER'}),frozenset({'PARTY BUNTING'}),0.12633031139140719,0.10077519379844961,0.02391275785047957,0.1892875715028601,1.878315132605304,1.0,0.011181796237392023,1.1091785133582948,0.5352228416744546,0.11768509537665697,0.09843186830921512,0.21328785354804022
313,frozenset({'PARTY BUNTING'}),frozenset({'WHITE HANGING HEART T-LIGHT HOLDER'}),0.10077519379844961,0.12633031139140719,0.02391275785047957,0.23728813559322035,1.878315132605304,1.0,0.011181796237392023,1.1454780361757106,0.5200123152709359,0.11768509537665697,0.12700203022783668,0.21328785354804022
314,frozenset({'WHITE HANGING HEART T-LIGHT HOLDER'}),frozenset({'JUMBO BAG RED RETROSPOT'}),0.12633031139140719,0.11884115096570753,0.02627775587964788,0.2080083203328133,1.7503055014406212,1.0,0.011264516272036815,1.1125859925758006,0.4906558763816828,0.12004801920768306,0.1011930703128371,0.21456247967995004
315,frozenset({'JUMBO BAG RED RETROSPOT'}),frozenset({'WHITE HANGING HEART T-LIGHT HOLDER'}),0.11884115096570753,0.12633031139140719,0.02627775587964788,0.22111663902708678,1.7503055014406212,1.0,0.011264516272036815,1.1216951502433956,0.4864856855289644,0.12004801920768306,0.10849217830440745,0.21456247967995004
